2	0				ACEH
3	2	-6.9088786	107.6190307	CioDZF5iUyJQIlY3W2MANgN3BDAHaFM4UTMEKQdkXGMHZVJpDDQHOwBnAjgBbwdo	ACEH BARAT
4	2	2.9064701	97.5658184	BSVYP1xgVCVQIgBhWWEAN1QgBTFXOAdsDW8NIFMwDDMHZVBrWWEGOlI1UmgMYgRr	ACEH BARAT DAYA
5	2	-6.6103707	106.189299	BSUDZAk1UyJVJwJjDzcCMlMnATVRPgBrAWNXegZlCzRSMAI5CTEHOwRjBT8IZlA%2F	ACEH BESAR
6	2	-6.2275935	106.4896858	ACACZQE9AXBaKFAxXmZXZgF1BzMBbgBrUjAEKQFiWmVWNAU%2BWmIBPQRjWGIJZwNs	ACEH JAYA
7	2	-6.186171	105.9671953	UXFWMQ4yVyZQIlEwADgCMFElBDBWOQBrB2UDLgBjCDdbOQQ%2FWmJUaAJlWGIIZgdo	ACEH SELATAN
8	2	2.2874667	97.8331238	BCQEYwA8UCFaKARlXmYCMVAkATUAb1I5VjQGKwFiDjEFZwQ%2FWmJTb1A3BT8MYlM8	ACEH SINGKIL
9	2	-6.0076378	106.0107601	VXVSNQ4yVidVJwdmWmJQbFcjUGQNYgNoUTNXelAzWWZWNAw3ATkPM1I1AjheMFU6	ACEH TAMIANG
10	2	5.57103125	95.3379005	CytUM15iVidRIwtqDjZTbgF1BTEGaQFqUjAMIQZlDjFTMQY9CTFWagZhADoKZAFu	ACEH TENGAH
11	2	-1.9120963	100.9051034	ASFQN1tnA3IBcwBhCDMANFMnAjYNYlQ%2FBWdRfANgW2RQMlBrDDRSbgViVW8MYlY5	ACEH TENGGARA
12	2	5.57002505	95.3382281140828	V3dQN1tnAHFUJgtqDjUGMwdzATVSPVU%2BBWcFKFEyDDNaOAY9ADhUaFE2WWNcMlc4	ACEH TIMUR
13	2	4.99119405	97.1587368058996	UXEDZAs3VCUHdQFgDzQGMAVxBTFXOAdsUTNSf1Y1DTJTMQA7XmYGOgJlUWteMFY5	ACEH UTARA
14	2	-8.4797048	115.2965	VXUFYgA8B3ZbKQNiWmEGMVcjUWUNYgNoA2EDLlMwCjVXNQM4ATlRbVI1BT8Ablwz	BENER MERIAH
15	2	5.08416455	96.592229226524	UXFQN1xgBncHdVAxXGcFNVQgAzdXOFI5VzUCL1s4W2QCYFdsXmYHOwtsUGpaNFQ7	BIREUEN
16	2	4.0056869	97.3699726	VnYFYg4yXC0GdFc2DTYLOgdzAjYDbA9kVjRWe1IxW2RTMQU%2BXGRWagdgBT8JZ1Y5	GAYOLUES
17	2			AyNWMVllUCFWJAJjXGYFMQVxAzcFagFqVjRRfFs4XGNaOAA7CjIDPwRjUWsIZlwz	KOTA BANDAACEH
18	2	4.4604004	97.92143	UXFUMwA8XSxVJwNiWmBQZgx4BzMAbwVuVzUALVQ3XGNaOAU%2BXmYAPAtsUmheMFI9	KOTA LANGSA
19	2	5.1856789	97.1486472	BiZWMQA8BncBc1EwXGYDNARwU2dRPlQ%2FB2VRfFc0DTJaOFVuDTVTb1E2U2kOYAFu	KOTA LHOKSEUMAWE
20	2	-8.6722097	116.1574	VnYEY1tnXC0GdAprCDJWZlQgCj4Eaw9kDW8MIVEyDTJSMAY9DDQEOFI1BT9eMAFu	KOTA SABANG
21	2	-8.6813202	116.2828	BycAZ1llBHUHdQFgDzVQZQRwCj5RPgRvB2UCL1AzCzQBYwM4XGQPMwFmU2kNYwdo	KOTA SUBULUSSALAM
22	2			BCQEYwA8A3IAcgdmDzRWZARwBjJQPwJpVTcHKls4CTZXNVBrWmIDP1cwWGILZVQ7	NAGANRAYA
23	2	-8.6991447	117.6202	BydYP11hUSBbKQBhXGcKOQVxVGBSPQdsAWMNIFc0XGNRM1VuDjYFOQdgWGIMYlA%2F	PIDIE
24	2	-8.4451678	118.1138	BSUDZAs3BndXJVAxATpUaFAkU2cBbgdsVjRWewZlCTYHZVJpDjYAPFA3UWteMABv	PIDIE JAYA
25	2	2.6136593	96.1004207	VXVQNw8zVSQGdAJjCjFXalMnVGBWOQRvDG5VeFIxDjEHZQc8XWVVaVUyADpeMFQ7	SIMEULUE
26	0				BALI
27	26	2.6116932	96.0898021	CytRNg0xUiNSIFQ3CjsDMwN3VmIBbgRvAGJSfwdkAD9RM1VuDDRSbgRjVmwOYFA%2F	BADUNG
28	26			V3cDZFtnUCFbKVY1ADFWZwN3UGQNYlM4AGJXelEyDDMGZAQ%2FW2MOMgZhAzldM10y	BANGLIO
29	26	3.1546823	97.4457493	AiJTNA8zAXBRI1Q3DTwHNQRwV2MNYgJpUTMDLgFiXWIHZQA7W2MFOVYxVG5ZNwZp	BULELENG
30	26	-8.5426971	115.3258603	ASFQNw0xAXBaKAJhCTgKOQdzU2dQPwRvAmBXelEyW2QGZFBrXmZSblI1VmwLZQBv	GIANYAR
31	26	4.6684914	97.6383988	VXVXMAwwXSwGdFQ3ATACPlElBjIBbgRvAGIALVc0DjFVN1FqDDRWagViUGpZN1wz	JEMBRANA
32	26	-8.0048775	110.746337145067	UHACZQ8zAXBTIQVmXG1Waw15BTFVOlA7AGJXelIxWmVXNQI5DTUBPQBnVmwOYABv	KARANGASEM
33	26	4.4224954	96.2050704	BydTNA0xVCVQIgtoXGwHM1cjUGQNYgdsAmBWewRnCzRaOFdsCjIGOgtsU2kKZARr	KLUNGKUNG
34	26	-8.67341045	115.227824008496	BydSNQwwVCUBcwtoW2sEMgdzUWUHaFA7UTMCLwFiAT4AYgY9ADgFOVA3VmxeMF0y	KOTA DENPASAR
35	26	-8.5392306	115.1265683	V3cEYwA8XSxSIAppCzsKPwVxU2dSPQZtBWcDLlMwXmECYAA7CjIOMgJlVG5bNQFu	TABANAN
36	0				BANGKA BELITUNG
37	36	-6.2640291	106.819295788735	UXECZQk1UiNaKAVnADwLPgJ2Cj4FagBrA2EDLls4CjUCYFdsCzMPMwJlVG4KZFU6	BANGKA
38	36	-6.3482243	106.7823653	BCQFYgwwUSBQIlMxXGAKPAdzAzcEa1U%2BBmQHKgRnDDNXNVdsDzdSblA3UWtZNwdo	BANGKA BARAT
39	36	-6.2630889	106.8184883	CipZPlxgVSQCcFQ2CzcCNVElBTENYgJpB2VRfFY1CTYFZw02CjIAPAtsU2kJZ1A%2F	BANGKA SELATAN
40	36	-7.4219811	111.0320936	BSVRNl5iUSBVJ1Q2DzNWZgRwBjJWOVQ%2FDW8BLFAzAD8GZAI5W2NRbQJlVW8PYVc4	BANGKA TENGAH
41	36	-2.8991634	107.905844412844	VnZXMAE9UyJXJVY0XGACM1QgVGBVOgVuUjBSf1Q3XGNbOQY9DzdTbwRjU2kKZFQ7	BELITUNG
42	36	-8.1685613	113.7214646	AiJXMAk1BHVUJgFjXGALOQF1VGBQPw5lAWMCL1EyAT4FZ1dsADgOMgNkAjhbNQFu	BELITUNG TIMUR
43	36	-2.4934863	106.33515	CytTNAE9VyZbKQtpDTFTYAJ2VGAMYwBrB2UGKwFiWmUHZVZtW2MDP1E2UGoJZ1I9	KOTA PANGKALPINANG
44	0				BANTEN
45	44	5.0820388	96.5973998	CioFYlpmXC1QIlY0AT9TYlQgCj4HaFU%2BVjRQfVU2DTJQMg02WWECPgBnBD4MYgBv	KOTA CILEGON
46	44	5.0130795	97.1453917	UXEHYAk1B3ZXJVMxCjQKOAJ2AzdQPwNoAmBQfVU2W2RaOAM4DTVRbQRjVmxeMFE%2B	KOTA SERANG
47	44	-6.1720545	106.6362416	AiJWMQk1USACcAdlWmQDMAJ2VGANYgVuBWcCLwBjWWZXNQw3WWFUaAdgUmgIZgdo	KOTA TANGERANG
48	44			AyMCZQA8UCFUJgFjCDYGOgN3Cj4DbAdsUDIMIVo5CDdVN1dsCzMCPlE2BT9dMwRr	KOTA TANGERANG SELATAN
49	44	3.9330449	97.321989	BSVUMwE9BndTIVEzXWNQZVQgBTEAbwVuB2VWewZlXWJbOQc8DDQDPwdgBz1aNFY5	LEBAK
50	44	4.1972887	98.0028738	VnYCZQ8zVidTIQNhDTMEMgB0UGRRPlA7UjANIARnW2RaOAQ%2FXWUCPlA3VW8NY1c4	PANDEGLANG
51	44	-6.1169662	106.1518079	ACBWMQo2B3YBc1c1XGJQZ1MnUWUFagNoDW8FKFo5CjUFZ1FqDjZVaQFmBD5aNFQ7	SERANG
52	44	-6.1727031	106.6408501	BydTNAE9VCVUJlQ2CjRTYwdzAzcFagNoUTNSf1AzXmECYA02WWFRbQptVmwJZ1c4	TANGERANG
53	0				BENGKULU
54	53	4.7422466	96.9901414	UXFVMgA8USBWJAFjATpUZgF1AjZWOQdsUjBVeFMwXmEAYgU%2BXGQCPgRjBz1dMwBv	BENGKULU SELATAN
55	53	-3.7861683	102.263391510512	BSVYP1pmVyZVJwZkXGcHNAx4UWVWOVc8AmAEKVEyXmECYAA7W2MEOFA3UGoKZF0y	BENGKULU TENGAH
56	53	5.1270266	96.2003783	UXFSNQk1UCECcANhCjEDPwN3AzcHaABrVTcBLAZlCDdWNFdsWmIBPVA3WWNeMF0y	BENGKULU UTARA
57	53	5.5411538	95.3430894	BydYP15iUSBbKQJgAToFOAZyUGRQP1Q%2FA2FRfFs4XWIGZAA7CDBSbgtsWGJZN1I9	KAUR
58	53	-3.6445121	102.5792408	UnJVMl1hXC1VJ1AyCTNRZVcjV2MMYwVuDW8GKwBjXmFbOQI5WWFUaAViAjgNY1M8	KEPAHIANG
59	53	4.4604004	97.92143	CytRNgo2VidRIwBiWWNQYQ15UWUNYlc8BWdQfVIxDzBTMVJpXGQGOgBnVW9cMgZp	KOTA BENGKULU
60	53	5.1212291	97.0653938	VnZQN1llXC0GdARmDjRQZVQgBDBRPgJpAGIMIVU2CDcCYFBrDTUFOQtsAjgJZwZp	LEBONG
61	53	-2.21712375	99.5405473316765	ASFTNAs3XC1bKQFjWWMDNQJ2Cz8GaVM4UTMBLFo5DTJWNFZtDDRTb1E2U2kJZ1Y5	MUKO-MUKO
62	53			BSUFYl1hXSwBcwNhDTcBNgZyUWUMYwJpA2EBLFAzCzQCYFdsCjICPlA3ADpeMAZp	REJANGLEBONG
63	53	0.7560507	99.4183012	BSUCZVpmUiNRIwZkCTNTY1cjAjZQP1A7AmABLAFiDzAHZQc8XGRUaANkWGIBb1c4	SELUMA
64	0				DKI JAKARTA
65	64	-6.137746	106.8140132	UHBRNltnA3JaKFc1CTZQYwdzADRRPgVuBWcBLFIxCDcHZVJpATkAPFI1WGILZVc4	KOTA JAKARTA
66	0				GORONTALO
67	66	0.7532795	97.7166268	AiJXMFtnUSBaKAFsWWQBMlAkUGQCbQ5lDW8MIVAzWWZQMldsWmIDPwJlBD4LZVY%2B	BOALEMO
68	66			V3cFYg0xVicAclQ5WWQHOwJ2V2MEa1c8VjQGK1c0XmEBYww3DDQDPwBnVW8JZwBo	BONEBOLANGO
69	66	0.5384433	123.0594971	BSVUMws3BncCcANuCjcGOwdzAzdWOQZtBGZRfFAzCjUFZwU%2BW2NWagZhUGoMYlc%2F	GORONTALO
70	66	2.4972616	98.6263818	ASFWMVtnAXAGdAFsWmZXYwF1V2MMYwdsBWcALVAzAD9RMwE6CDBRbQFmVG4LZVE5	GORONTALO UTARA
71	66	3.0657251	99.0173156	BCQEYw0xUSAAcgRpDjICNAZyBzMGaVU%2BAWMALVU2CTZVN1VuDjZTb1A3AzkJZwFp	KOTA GORONTALO
72	66	0.4492	121.939	UHBVMltnB3YCcAZrAT0GMwdzCj4HaARvUDICL1o5XGNSMFZtCzMHO1YxVW9ZN101	POHUWATO
73	0				JAMBI
74	73	1.1396621	99.3916746	VXVZPl1hBndXJVEwADBTbgx4VGAHaA5lDW8ALVQ3XmFaOFBrCjIEOFE2U2kLZVY%2B	BATANGHARI
75	73	1.2149172	99.9102215	UXEAZ11hUCEAcgRmXGUANAZyADQDbANoBWcALVAzXGMHZQ02CjJTbwtsU2lcMlQ8	BUNGO
76	73	1.705618	98.7986039	ACAAZw0xVCVUJlc1XGULPlQgVGACbQJpVzVXelY1XGNSMAE6DTUPMwdgUWsIZlc%2F	KERINCI
77	73	2.9500106	99.7784428	BycCZQE9VidbKQdlW2IEOAdzAjYHaAVuBmQEKVEyDDNRMwI5CTFUaAdgWWMIZgNr	KOTA JAMBI
78	73	-2.0556856	101.4016337	UnJRNgk1VSRRIwFjCDELNgdzBDAFag5lB2UHKgFiCzQHZVFqDDQEOFE2U2lcMgRs	KOTA SUNGAI PENUH
79	73	2.9652238	99.0514457	ASEAZws3UyJWJANhCTAGMAZyU2dRPgBrAGIALVEyDDMBY1VuWWEAPAdgVmwJZwZu	MERANGIN
80	73			VXUFYgE9UyJUJlEzDzZUYwRwUWVSPVI5B2VRfFY1WmVUNlBrW2MDPwJlVW9eMAFp	MUAROJAMBI
81	73	-2.3021923	102.7129877	BCQEYwE9AXBTIVMxDjdWZg15ADQCbVU%2BVzUCLwNgDzBRM1BrXWUEOAtsWGJdMwZu	SAROLANGUN
82	73			BydQNw0xUSBWJFMxWmMBMFElAjZQP1M4BGZSfwRnCzQFZwE6CjIHO1UyAjgPYQFp	TANJUNGJABUNG BARAT
83	73			AyNXMAwwBHVQIgZkWWBUZlQgUGQGaQRvAWNWe1c0CTYBY1ZtXWUEOFYxU2kLZVI6	TANJUNGJABUNG TIMUR
84	73	-1.3937092	98.9408615	VXUDZA8zAHEFdwdlW2ILOFcjAjYCbQ5lUTMHKlMwXmFWNAw3CjIDPwtsBz0OYFU9	TEBO
85	0				JAWA BARAT
86	85	-6.9344694	107.6049539	V3dZPg0xUyJRIwdlW2UDPgdzADQNYlA7BWcMIVc0XmEHZQc8ATkGOlE2AjgBb1A4	BANDUNG
87	85	-1.0460416	100.8296434	AiJRNgwwUiNRI1MxXG1XY1QgBjIFalA7BmQGKwZlAT4AYgM4CzNWagRjBD5bNVc%2F	BANDUNG BARAT
88	85	-6.2348744	106.9943156	UnJQNw8zVidXJVEzXm9XYlMnUWVXOAdsUjAEKVQ3DTIGZAQ%2FXWVUaAdgUmheMAdv	BEKASI
89	85	-6.5962986	106.7972421	CipQNw0xXSwFd1c1CjtRZwx4BzMBbgBrAWMALQZlCDdbOVZtDjYAPAFmBz1aNAdv	BOGOR
90	85	-4.6667377	104.7772416	ASEAZwg0BHVbKQVnADFRZlAkUWVVOlI5DW8DLlY1XmFQMlFqDDQBPQViUmheMFY%2B	CIAMIS
91	85	-6.824096	107.1374006	CioAZ1xgUyJXJQVnWmsENAN3BTFWOVI5BmRQfQBjXmFbOQU%2BDDRSbgBnUGoOYAFp	CIANJUR
92	85	-6.7137044	108.5608483	AiIFYgs3BncFdwNhDTxUZVMnAzdVOlQ%2FB2UNIAZlCjUAYlVuADgBPQJlV21ZN101	CIREBON
93	85	-7.2162543	107.9014912	ASFTNAwwAHEBcwdlDz4FNwVxVGANYlc8BGYDLlU2XWJRM1VuDDQFOVcwVW8Bb1c%2F	GARUT
94	85	-4.052296	103.777495826681	ACBUMw8zVidVJ1EzWmtXZFElAzdRPgdsDW8DLlo5CTZbOVFqDTUDPwViUGoOYF01	INDRAMAYU
95	85	-6.3042012	107.307897	AyMEYwwwVSQAclAyDTwLN1MnU2cHaAZtBGYGKwFiAT4FZ1JpWmIHOwdgVmwAblI6	KARAWANG
96	85	0.2988473	99.5962186	CioDZF5iB3ZVJwpoCjpRYlQgU2cDbA5lUDJRfANgXGNaOA02W2NUaFI1VmxZNwFp	KOTA BANDUNG
97	85	-8.5781979	116.083041891037	AiIAZw8zVidUJlQ2CztRbVQgBTEMYw9kDG4NIAFiCjUGZA02CjIHOwBnUmheMANr	KOTA BANJAR
98	85	-0.7654049	100.5988009	AyNQN1llA3JWJABiWWkEOQN3AzcCbVM4BmRSfwdkAD9TMVZtWmJVaQFmUmhdMwZu	KOTA BEKASI
99	85	-0.6605411	100.7877771	AiIEYwo2BncBcwZlXWQKPlYiBDAMYwFqAmADLls4CzRVNwU%2BDTVVaQtsWGIPYVE5	KOTA BOGOR
100	85	-0.456693	100.4234088	BycDZFxgXSxXJQtoCjNQZQJ2VmJRPgJpUjBWewNgWmUBYwc8W2MHOwJlBD4PYVM7	KOTA CIMAHI
101	85	-6.7217655	108.550211614333	VnZQNws3UiNVJ1MwADlWYAN3UGRXOAZtVTdRfFY1AT5SMA02XmYHOwdgWWMKZFU9	KOTA CIREBON
102	85	-6.39393925	106.822624794566	ASEDZAwwUSABc1Q3CTBQZwJ2Cj5WOQZtVjQCL1U2CTYGZAM4DDQPMwFmWGJeMFY%2B	KOTA DEPOK
103	85	-0.6187924	100.1452945	BCRRNltnBndTIQFiCjMBMVQgCj4CbVM4BGZXelMwDjEGZAA7CTFUaFUyBz0Bb1E5	KOTA SUKABUMI
104	85	-0.5163299	101.4697076	AiJSNQwwB3ZWJAtoDTRXZgZyAzdQPwJpUDIHKlAzAD9aOA02CDACPgRjBz0LZQRs	KOTA TASIKMALAYA
105	85	-0.5517256	102.2434273	ACBYPwwwA3IFdwtpDTxQbQVxAzdSPQBrA2FSf1AzDjFTMQE6W2MAPFYxAjhdM1E5	KUNINGAN
106	85	-0.5388231	103.1826897	ACBSNVtnAHEHdQJgCzsKPlYiBTFSPQdsDG4CL1AzW2RWNFBrCjIBPQtsBD4PYQBo	MAJALENGKA
107	85	-7.6872621	108.6531455	V3cHYF1hUyJRI1c1Dz8DMVcjBzMCbVM4UjBRfFEyWmVQMgE6ADhWagJlADpdM101	PANGANDARAN
108	85	-6.5607313	107.4439799	V3cAZw8zAXABc1c1Dj4DNlAkAjYNYg5lAWMDLlQ3CzRSMAM4XGQAPAptAzldMwdv	PURWAKARTA
109	85	-6.5689807	107.7587397	V3cFYg0xXSwHdVAyXW0ANg15AjYGaQBrDG4EKQdkDjFQMg02ATkOMgJlVmwKZFA4	SUBANG
110	85	-6.9199289	106.9265095	UHBQN15iAXABcwpoCjoLPFcjAjYBbgZtAWMBLFc0CzRbOQY9WmIBPQViVmwIZlQ8	SUKABUMI
111	85	0.8236942	100.531338	AiJQN11hAHEHdQdlDj5TYwVxBzMHaAZtBWcALQBjXGNVN1VuCjJUaAZhWGILZVQ8	SUMEDANG
112	85	-7.3262484	108.2201154	BycCZQo2AHEFdwRmDDwGNwRwBzMMY1I5VTcDLlMwAT5UNgE6DjYBPQViUGoJZwRs	TASIKMALAYA
113	0				JAWA TENGAH
114	113	1.665779	100.8378527	UXEHYAE9XC1XJVQ3WWABM1YiADQCbVc8B2UALQFiXGMCYFBrATkPM1UyU2laNFA4	BANJARNEGARA
115	113	0.5444405	101.4621843	BCRYPws3UyJTIQVmDTQGNVElADRSPVU%2BAmBXegBjDTIGZAc8CjIAPFYxAjheMFE5	BANYUMAS
116	113	1.5212358	101.4686929	AiJSNQo2UCEFdwVmCzICPgB0BjIEawRvAWNSfwNgXmFWNFFqADhRbVA3UGoNY1Y%2B	BATANG
117	113	-6.9691528	111.4130521	VXVZPgA8VicAcgRnWmNUaQJ2V2NXOAJpVTdRfFc0AD9TMQE6CjIDPwZhBT9ZNwFp	BLORA
118	113	-7.5344079	110.6041944	BydZPgs3AHEAclMwXGRXY1MnVGACbVA7VjQNIAdkWmUAYgQ%2FWmIGOlUyUmheMFM7	BOYOLALI
119	113	-2.2695224	102.6493416	BSVQNwE9BHUGdARnDDRUYVcjBjJVOlM4AGJRfARnCzRTMQw3XGQGOlI1UGoOYFM7	BREBES
120	113	-7.7267967	109.009662	UXFXMAg0A3IFd1MwW2NWYAdzADQNYlI5VTcALVMwXWIHZQc8XGQHOwNkVG5bNV01	CILACAP
121	113	-6.8947858	110.6385399	CipWMVpmBHUCcAppADgLPAZyCj4FalM4VjRRfANgDzBSMAA7CjIOMgdgAjgIZlA4	DEMAK
122	113	-1.1890367	103.9798699	BycCZQ4yVCUCcAZlWmIGNgZyBzNWOQBrA2EDLgZlXGNXNQ02CjIHOwdgAzkAblU9	GROBOGAN
123	113	-6.5906502	110.6673202	VXVZPlxgBndTIQFiATlWZ1MnBjIFalQ%2FAmABLANgXmFXNVdsWmIPMwJlUGoPYV01	JEPARA
124	113	-7.6332935	109.5734442	ASFWMVllXSwHdQVmWWFXZVQgVmIEawBrVjQFKFc0AD8CYAE6WmJVaQptUWsAblE5	KARANGANYAR
125	113	-1.6117168	101.9584695	CytQN1xgUiMHdQBjCzMKOVcjVmJVOlQ%2FUTMCLwdkDzBVNwI5DTUPMwZhBD5eMFU9	KEBUMEN
126	113	-6.9217033	110.2040344	VnYDZA8zVSRTIQtoDDQBPQB0U2dXOFI5DW8DLgRnXWJWNAU%2BADgFOQptAzlZN1U9	KENDAL
127	113	-7.7049502	110.6018046	AiIDZAs3B3YFd1AzW2MDPg15V2NWOQVuUTMEKQNgDTICYAc8ADgBPVYxUWtdM1Y%2B	KLATEN
128	113	-3.1262141	105.3647	UnICZVpmBHUBc1Q3CTMLOQJ2AjZRPg9kBGYEKVIxCjUAYgw3DjYBPQRjUmgOYF01	KOTA MAGELANG
129	113	-7.0527238	109.6571	BydRNl1hVidSIAppDTdTYFYiAjZWOVA7AWMBLFs4AT5UNgM4CTFTbwViUGoIZgFp	KOTA PEKALONGAN
130	113	-3.7992001	103.4816291	BiYDZA4yVCVbKQRnDTcAPFMnCz8Ab1U%2BVjQHKgZlXWIBY1ZtCzMFOQJlV21eMFQ8	KOTA SALATIGA
131	113	-2.7825359	102.8601497	CytUMwwwB3ZbKQNgADpRYARwUGQEa1c8DW8ALQdkDTJXNQw3WmJSbgptUGoOYFI6	KOTA SEMARANG
132	113	-2.4721277	103.8416012	ASFUMwk1XSwFdwBjDDYHOgB0BTECbQdsUDIHKgdkCzRbOVBrXmYCPlUyVW8AblA4	KOTA SURAKARTA
133	113	-2.6803224	104.7644881	BiYHYFxgB3ZaKABjAD1TZw15BjIBbgVuAmAMIQdkDzACYAQ%2FCzNUaAViUWtaNFw0	KOTA TEGAL
134	113	-6.8170915	110.838189	ACAFYg0xUSBQIlEyWWJXYwx4U2cDbAZtBWdXels4W2RSMFJpCTEEOFUyAzlZNwRs	KUDUS
135	113	-7.4771114	110.2182534	V3cHYFxgVCUFdwNgDDcDNgF1UWUNYlQ%2FAWMGK1s4XWJaOFVuWmIDPwZhBD4BbwFp	MAGELANG
136	113	-6.7534288	111.0399299	BydSNQE9BHVQIgJhCTJUYgJ2BjIAbwBrAGIGK1AzCDdQMlZtCjJRbQViAjgBb1U9	PATI
137	113	-6.8939623	109.6731758	ASFRNgk1A3ICcABjCjEHMAZyBTFVOg9kB2VRfAdkDzBaOA02CTEEOFYxBz0PYQNr	PEKALONGAN
138	113	-6.8902943	109.3804659	UnJXMF5iA3JSIFMwXmVTY1AkU2cFagFqBmQHKls4XmFXNVJpXGRSbgZhVG5eMFM7	PEMALANG
139	113	-7.3888648	109.360163	CytXMA8zBHVSIAppDjVXZgJ2VGAEawRvAWNXelc0DzAAYgA7XGQEOAFmUmgAblw0	PURBALINGGA
140	113	-7.7130136	110.0091162	UnIHYA4yXSwHdQZlXmVUZlYiATVVOg9kVjQEKQdkDjFUNgE6CzMGOlUyV20OYFw0	PURWOREJO
141	113	-6.7057563	111.3486255	AiIDZA4yUyIAcgppDTYKOQdzCz8Ea1c8VTcNIAdkDzBbOVZtCDADPwRjUGoPYVE5	REMBANG
142	113	-6.9904038	110.4229455	VnYDZFxgVCUHdQZlDzQLNwVxCz9RPg5lBWcNIFQ3WWZaOAI5DDQEOFA3UmhaNAFp	SEMARANG
143	113	-3.4337577	102.687	ASFUMw4yVSQAclQ3CDNRbAVxADRXOAdsAmAFKFIxWmVSMFZtW2NVaVYxBT8PYQZu	SRAGEN
144	113	-7.7038744	110.429324082111	V3cHYAo2UyJbKQppCDIHM1YiBTFXOFU%2BAGJWe1U2XWIBY1dsDzcCPgFmVG4LZVM7	SUKOHARJO
145	113	-6.8673767	109.1378833	BiYHYFtnXC0HdQBjDTcCNwdzVmIMYwNoUDIMIVEyCjVbOVZtW2MEOANkBz1dMwdv	TEGAL
146	113	-7.3162377	110.1754504	UHADZA4yUCFbKQNgCTNRZ1YiBTEGaQBrVzVRfFc0XmFVNwY9W2MPM1I1UGpdMwRs	TEMANGGUNG
147	113	-7.8160195	110.9217987	BydQNwo2USBRIwdkDjRWYQF1AzcMYwJpBGYMIVAzXGNbOQM4ATkBPVYxUWsOYFc%2F	WONOGIRI
148	113	-3.0819434	102.2188763	UnJUM1tnXC1TIVEyDzUCMgRwBDAEa1U%2BDW9VeAZlXWIBYwE6DDRVaQJlBD5cMlM7	WONOSOBO
149	0				JAWA TIMUR
150	149	-7.0294703	112.7473329	ACAHYAE9UyIFdwFiCzYHMgx4ATVXOAJpAWNVeFo5XWIBYwc8WmJWalUyADpaNFE5	BANGKALAN
151	149	-8.2094973	114.3737201	BCRWMQg0UiNSIAppCTRXYQx4VGAAb1I5VTcGK1o5WmUFZwc8DjYHOwFmBz0MYlQ8	BANYUWANGI
152	149	-8.0982442	112.1650769	UHBSNQ8zAXABc1c0WWRUYwB0UWVXOAVuA2FRfARnDzACYA02XGRRbQZhBz1bNVw0	BLITAR
153	149	-7.1644208	111.88662	BydXMFpmUSBbKVc0W2YENAx4AjYCbQ5lAGIDLgdkDjEAYgw3W2MCPgBnUWsMYgRs	BOJONEGORO
154	149	-5.3592499	104.7605	VnYCZQ8zBndSIARnCzYCMwB0BDBXOABrUDIALVEyAT4FZ1JpXWUEOAFmWGIPYQdv	BONDOWOSO
155	149	-1.7	109.133333	VXUAZ11hBHUAcgppDjMENgF1BzNSPVU%2BUDIHKgBjCjUAYlJpW2NVaVYxADoBb1M7	GRESIK
156	149	-8.1688563	113.7021772	UXFXMAA8BHUGdFQ3CTRQY1cjCz9WOVI5DG4DLgZlAT5WNAY9ATkEOFE2BD5eMFY%2B	JEMBER
157	149	-7.5419994	112.226627397792	AyNSNQE9UCFUJgVmCDUGOgVxVmINYlM4DG4ALVIxAD9TMQ02XGQOMlcwV21ZNwNr	JOMBANG
158	149	-7.8111057	112.0046051	VnYHYFxgXC1TIVc0CTRQbQdzV2MHaFU%2BAmAMIVEyCzRWNFBrDjZSbgFmVmxbNVM7	KEDIRI
159	149	-3.0508806	107.75265	UnJYPw4yVidQIlQ3CTcDNlYiVmIAbwFqVTdXegZlCjVUNgA7W2MGOgtsWWMNY1M7	KOTA BATU
160	149	-8.114083	112.165927944784	AyNXMF5iUyJSIFEyCTcANgx4AzdWOQZtA2FRfFIxCTZWNFdsCDBRbVI1BD4PYVQ8	KOTA BLITAR
161	149	-2.4934863	106.33515	UnJVMgs3USBTIQJhWWcFMlMnBzNRPlA7UDJSf1Y1DDNTMQ02XGQHOwZhV20AblY%2B	KOTA KEDIRI
162	149	-2.7343783	106.3189	ACBWMV1hAXBXJQRnAT8ENFYiATUAbwZtUjAMIVMwXmFVN1VuDjYHOwZhBD4BbwBo	KOTA MADIUN
163	149	-2.9172156	107.98635	BCRVMgwwVSQBcwtoXmAAMQZyBTECbVQ%2FVjRSf1AzDTJSMAw3XGQBPQZhU2laNFc%2F	KOTA MALANG
164	149	-7.463237	112.4309623	ASFSNQE9VyZXJQBjDzEAMgF1U2dXOAJpAGIHKlo5AT5bOQY9ADhUaAtsUGpaNF01	KOTA MOJOKERTO
165	149	0.7346679	103.4261704	ACADZA4yVyZSIAZlDTMGNQVxCj4DbARvB2UFKFQ3AT5XNQ02DDRWalUyUGoLZQRs	KOTA PASURUAN
166	149	1.1193825	104.4386864	UXFZPl1hUyJUJlEyCzVRbQdzBzMMY1c8DG4BLARnAT5aOAA7CjICPgBnUGoOYFc%2F	KOTA PROBOLINGGO
167	149	3.9696002	108.1756093	BSUDZAg0VSQCcAJhAT8DNwF1VGAMYwZtBmQDLlAzCzQBY1ZtXmYFOQdgVmxZNwFp	KOTA SURABAYA
168	149	-7.1124805	112.420203	BCRUMw4yUCFTIQdkDzMHMwRwCz9XOFc8UDIGK1AzWWYCYAM4XmZWalI1VmxZNwZu	LAMONGAN
169	149	-8.135205	113.2244162	CioDZAs3XSxaKANgCTUFMFcjBTFSPVA7VzUALVc0CjUFZwc8XWUPMwtsVG4JZ1A4	LUMAJANG
170	149	-7.6290949	111.5168525	BCRVMgs3BndWJAtoCjYCNARwBTEGaQNoA2EBLABjWWYGZAc8XGRVaQBnUWteMFI6	MADIUN
171	149	0.8583108	104.4799271	VnZUMwk1UiNWJANgCjYCNVcjAzcDbAFqAWMEKVo5CDcFZwY9ADgDP1I1ADoBb1M7	MAGETAN
172	149	-7.9771206	112.6340291	VXVXMF5iUiMGdANgXWFWZlElADRRPlI5DW9We1o5XGNWNAY9ATkDP1cwWWMIZlQ8	MALANG
173	149	-7.47387795	112.433156446453	UHBVMg4yBncAcgJhCTUFNAx4U2cAb1c8AmANIFs4CDcFZww3XGQAPFE2WGIPYVQ8	MOJOKERTO
174	149	-7.6023595	111.9010553	CytWMQ8zUCFbKVMwCDQAMgVxV2MGaQJpA2FRfABjDjECYAM4CjIBPQViUGoOYANr	NGANJUK
175	149	-7.4039881	111.4452353	AyMEYwwwAXAFd1MwDDBTYAN3ADRQPwBrBmQCLwFiW2RXNVJpXmYOMgRjVmwAblc%2F	NGAWI
176	149	-8.1947233	111.1035716	ASEAZ1pmVyYFd1Q3XmJWagN3UGQDbFc8VTcNIARnXGMGZFBrCDBVaQtsAzkKZANr	PACITAN
177	149	-7.1605439	113.4826273	CysAZw0xUiMAcgVmXGAKN1YiUGRSPQRvDG5XegRnWWZUNgM4DjZUaFcwWWNbNVY%2B	PAMEKASAN
178	149	-7.6419894	112.906694	BSVUMwwwAXAHdQRnWmUHMwN3V2MCbQNoDW8NIFQ3CDdVNwU%2BCjJTb1I1VG4PYVE5	PASURUAN
179	149	-7.8707545	111.4628041	ASEFYg4yUSAFdwRnCTZQZQx4BTEFagJpDG4EKVIxAD9RM1FqXmYAPAZhBz0AbgRs	PONOROGO
180	149	-7.7441461	113.2158401	VnZQNwE9UyIGdFMwXWIHMVYiU2dSPVU%2BVzUNIARnXWJWNFZtWWEBPVUyBT8AblM7	PROBOLINGGO
181	149	-7.80684405	110.571037812414	ACBSNQo2XC1UJgppCTYANwVxBTEEawBrDW8BLFEyCTZVNw02CjJRbQBnV20JZwNr	SAMPANG
182	149	-7.4567712	112.7126786	VXVYP1pmUyJaKFc0CzRRYQN3UGRWOVU%2BA2ECL1AzXmFRMwY9DjYOMlUyWGIMYlc%2F	SIDOARJO
183	149	-7.7067843	114.0054142	V3dWMQA8XC1VJ1AzCDdWZw15AjYGaQVuDW9RfARnCzRWNFdsXGQEOARjVW9eMFQ8	SITUBONDO
184	149	-7.0613844	107.1264496	VXVRNgo2VidRIwtoW2RTYQN3UGRVOgBrDG5Sf1c0AD8HZQI5CTEGOgViBD5eMFE5	SUMENEP
185	149	-8.0490793	111.7090951	BCRYP15iVidbKVEyXWIBMgJ2VmIDbAFqBmRQfVIxAD9WNAw3CzNSblYxV20AbgNr	TRENGGALEK
186	149	-6.8952153	112.0652601	BCRQNwA8UCFWJAppCTYGO1AkBDACbQ5lBGZQfVQ3DTIHZQ02ADhUaFYxBD5cMlY%2B	TUBAN
187	149	-7.5737637	108.1642418	BCQHYFxgAHFQIlY1CDcFOQF1Cj4Ab1I5VTcNIFY1AD9WNFZtXWUBPQZhUmgMYlY%2B	TULUNGAGUNG
188	0				KALIMANTAN BARAT
189	188	-7.5952091	108.4863777	AyMEYwk1AHECcAJuDDdQYQN3U2cBblU%2BDW8ALVQ3AT4GZAA7ATkHOwZhWWMNY1I6	BENGKAYANG
190	188	-7.023809	108.5913629	VnZYPwE9B3YGdFE9DTYFNw15VGBSPVM4AmAEKVEyDDNaOFBrADhWagptU2lZN1E5	KAPUAS HULU
191	188	-6.814036	108.5755234	CytTNA8zUyIGdAtnDTZUaARwBTFRPlU%2BUDIGKwBjAT5SMA02W2MEOAViUmheMAFp	KAYONG UTARA
192	188	-7.67871295	113.253619757583	VXUAZ11hVyYGdApmWWICMQN3V2NSPQBrAWMHKgRnCzQHZVJpCTEOMgFmBz0LZQRs	KETAPANG
193	188	-0.02193965	109.339185180191	VnZZPlllBHVRIwVpWmADMFElU2dXOFM4BmQHKlIxCDcBYwI5DjZSbgNkBz0KZARs	KOTA PONTIANAK
194	188	0.9069861	108.9889657	AiJRNgA8A3JaKFY6DTdTbw15VmIHaFQ%2FAmAHKlEyDjEAYldsADgAPAFmWGIKZAFp	KOTA SINGKAWANG
195	188			BydXMF1hXSwAclY6CzBRbAJ2AzcAb1A7VTcGK1s4DTJWNFJpDDQBPQdgUmhaNFc%2F	KUBURAYA
196	188	3.5123574	98.1304222	ACBXMF1hBHUAclY6ATsDN1ElVGAEawVuVTdWe1c0CzQAYlVuCjJRbQFmBT9bNQBo	LANDAK
197	188	-6.2505985	107.3642921	UnJVMg0xUyJXJVA8ATsHMgRwATVRPlA7A2EEKQFiXGNWNAY9WWEFOQBnWGILZQRs	MELAWI
198	188	-0.022654	109.3447601	BycFYgo2USACcFE9WmAEMgRwCz8BblM4BWdSfwdkDDNRM1ZtWWEPM1E2U2kKZFA4	PONTIANAK
199	188	-6.8807258	107.4636955	V3dSNQ0xVCUFdwVpDzVXYFElV2MNYgdsBGZXelEyCDcAYgM4CzNUaFUyBD4KZFQ8	SAMBAS
200	188	-6.5943333	106.7933027	VXVTNAwwUyJUJgRoCDIENFcjAjZSPVM4A2FQfVIxCDcAYgE6CTEGOlUyVG5dM1I6	SANGGAU
201	188	0.0235402	110.8906453	VnYAZ15iXC1WJAVpCjBRYw15BzMBbgNoAWMCLwRnAT5WNAM4CDAPMwBnAjgAbgZu	SEKADAU
202	188	0.07447	111.4930909	BiYFYgg0USBbKQdrATsENVcjBTENYlA7VzVSf1EyCTZUNgc8WmIBPQdgVmwIZgZu	SINTANG
203	0				KALIMANTAN SELATAN
204	203	-8.7923383	115.1233824	VnYEY1xgUiMBcwVpCzdRZlcjADRQPwFqUjBXels4WmUGZFdsXmYEOAdgUWsIZlY%2B	BALANGAN
205	203	-7.3762714	108.5425324	BSVZPgo2AHFbKVc7W2cAMFQgUWUMYw5lBGZVeFo5AD9XNQY9CzMGOgFmVG4PYVY%2B	BANJAR
206	203			BSVWMQE9VCVRIwBsCzcAMVAkBjINYgFqAWNVeAFiAD8CYFVuDDRWalI1UmgLZVA4	BARITOKUALA
207	203			VnZZPgs3AHFTIVM%2FADwGNAVxUWVQPwVuAWMMIVAzDDNRM1ZtATlWagFmU2ldMwNr	HULUSUNGAI SELATAN
208	203			CytXMAk1UyJWJARoDjIBMgx4ATVXOA5lBGYALVAzCjUAYlBrW2MOMgdgWGINY101	HULUSUNGAI TENGAH
209	203			UXFVMlxgAXBbKQZqDjJUaFYiCj4Ab1A7DG4ALVQ3CDdTMQU%2BW2MCPlUyBT8AbgZu	HULUSUNGAI UTARA
210	203	-3.006686	114.7203046	BydZPlpmA3JXJVA8CTYKOw15ATUMYw9kAGJQfQRnAT4BY1ZtW2MCPlYxUmgMYlE5	KOTA BANJARBARU
211	203	-3.191093	114.5319301	V3cHYAs3BHUHdVM%2FDDNUZAF1Cj4Ab1Q%2FUTMFKANgW2QBY1VuWmIHO1cwVG4KZAdv	KOTA BANJARMASIN
212	203	-7.7868301	110.373432588727	BiYEYw4yUSBSIAJuW2dTbgB0V2MHaA5lUTNQfVc0DDNUNgY9CTFWagViBD4PYQFp	KOTABARU
213	203	-2.1977989	115.347739	BydTNA0xAHFUJgZqCTZRZQdzV2MCbVM4UDJQfVQ3DTJWNAE6XmYHOwNkU2kIZlQ8	TABALONG
214	203			V3dZPgwwUiNTIQVpWWYKPw15V2MFagZtBGYHKgBjDTIGZAw3DjYPMwptAzkMYlU9	TANAHBUMBU
215	203			AyMAZwwwVicAclA8XGNTZQx4BzNVOg9kB2UCLwFiCzRbOVJpXmZVaVcwAzkNYwZu	TANAHLAUT
216	203	-2.969304	115.2661034	CytRNg8zXSxTIQRoW2QKPQx4VmICbQZtBWcBLFEyWmVRM1VuCzNSbgdgAzldM1E5	TAPIN
217	0				KALIMANTAN TENGAH
218	217	-3.3219654	114.588962888106	UnJUMws3BndaKApmXWcGOwRwBTECbQFqDW9SfwZlWWYAYgI5W2MHOwViWWMKZARs	BARITO SELATAN
219	217	-0.5687365	117.0984341	ASFSNQE9UiNbKQdrDzILPwZyV2MHaA9kAmABLAZlAD9WNFZtDDQHOwtsUWtcMgNr	BARITO TIMUR
220	217	-6.1281366	106.921713	ASFZPgk1VyYAcgNvCDVQZQJ2ATVRPgFqDG5Sf1s4XWJXNQM4XWUGOlA3BT8OYFY%2B	BARITO UTARA
221	217			BydUMwE9USBbKQVpXmMANgZyCz8EawJpVTcGK1c0W2RbOQU%2BDTVRbQFmV20Bb1Q8	GUNUNGMAS
222	217	0.1207709	110.5972575	AyMEYwA8VyZUJlc7DjMKPQN3BjJXOAVuUDIEKQBjAT4GZAw3WWFVaQViAjhZN101	KAPUAS
223	217			ASEHYA4yUiMBcwNvDDFXZwN3Cz8NYgVuVjRRfFEyDzAAYlBrADgBPQRjWGIJZwRs	KATINGAN
224	217			UHBUMwk1VyYAcgVpCDRTZVAkAzcCbQRvDG5Sf1s4CjUAYgA7XGQOMlI1U2lZNwZu	KOTA PALANGKARAYA
225	217	-2.6865269	111.629247	UXFZPltnUSBXJQpmXGFTYgB0UWVWOQVuDG4GK1s4WmVRM1JpXmYCPlcwUGoOYFQ8	KOTAWARINGIN BARAT
226	217	-2.5378373	112.940236408071	VnZUMw0xB3YGdFA8WWQAMlYiCz8MY1M4AGJQfVs4CjVaOFVuXGRSbgJlBT9eMF01	KOTAWARINGIN TIMUR
227	217	-6.2426736	106.7955082	BycAZ1pmUSACcAdrDzJTYAF1V2NRPgFqB2UHKlQ3XWIHZQQ%2FXGRWagJlBT8OYFw0	LAMANDAU
228	217			VnZSNQs3UCEBcwdrDjNWagdzV2NWOQJpAmAFKFAzCDcAYg02ATkAPFUyBz0LZQZu	MURUNGRAYA
229	217			CytUMwA8UyIHdVY6WWQCPwN3UGQMY1A7VTcBLAFiDjFTMQE6ATlUaAFmV20LZVc%2F	PULANGPISAU
230	217	-3.0926811	112.3147008	VXUEY1tnVyYBcwNvWmYKPgJ2U2cDbFM4B2UEKQZlXmEFZwc8WmJVaVE2U2lcMlc%2F	SERUYAN
231	217	-2.7105638	111.1714146	UnIEYwwwUiMHdQBsAT0KPwdzADQCbVA7B2VRfFMwCTYGZAU%2BDTUBPVUyBT8MYlM7	SUKAMARA
232	0				KALIMANTAN TIMUR
233	232	-2.8051342	101.4206867	BydUM1pmAXBTIQBsAT4ENgJ2V2NRPgZtVzUDLgBjWWZSMAc8CjICPgViWWMJZwdv	BERAU
234	232	-6.5279407	111.0206538	VXVQN11hUyJSIAFtWmUCMVcjBjJVOlM4AWNSf1Y1CDdQMlJpDDQPMwBnWGIMYgFp	BULUNGAN
235	232	-1.2768218	116.8098257	BydYP11hA3JbKQZqCDYENQN3ADQNYlA7DG4FKARnAT5UNgE6WWEPM1UyUWsPYQZu	KOTA BALIKPAPAN
236	232	-0.42799095	117.218369240181	V3cDZAA8VidRI1A8XGJUZgF1ADRRPlM4BGYEKVs4DjEHZQI5WWFRbQdgAzkIZlA4	KOTA BONTANG
237	232	-7.0527238	109.6571	ASEAZ1llVyZTIVA8CzVWZlcjATVXOA9kDG4EKVMwCTZWNA02XGQBPVUyWGILZVQ8	KOTA SAMARINDA
238	232	-8.6765444	115.2090042	UXEHYAs3VyZbKQVpW2VUZwVxUGQFag9kVTcBLARnCDdbOQQ%2FCTEDPwNkBT8BbwFp	KOTA TARAKAN
239	232	-7.0452241	109.15745	VXVYPw4yVyZXJQRoWmUAPAN3BDAMYwRvVTcBLFc0DjFTMVdsXWVVaVUyVmxdMwFp	KUTAI BARAT
240	232	-0.423174	116.9814363	CysCZV5iVCVSIABsXWIGOwJ2U2dQPwRvBmRXegdkWWYFZ1JpCzNUaAJlBz0MYgdv	KUTAI KARTANEGARA
241	232	-0.5588885	117.3270514	BSVZPg8zUSBSIABsAT9RZQVxADQGaVc8VTdXels4DTJVN1dsWmIDPwViADpeMFw0	KUTAI TIMUR
242	232	-0.49100235	117.13434750253	V3dQN1xgA3JTIVc7XmBQZwB0ADQEawJpVTcDLgBjDTJWNAc8W2NUaFA3UmgPYVc%2F	MAHAKAM ULU
243	232	-1.8975521	116.1972106	AyMAZws3A3JUJlM%2FXmABNwB0Cj5QP1c8B2UCL1s4CzRWNAA7CTEGOgtsUWsJZ1I6	PASER
244	232	-1.3091192	116.72979165	BiZWMQwwBHVXJVc7WmQBNFcjCj4NYg9kAGJWe1AzW2RRM1VuXmYDP1UyWGIBb1I6	PENAJAM PASER UTARA
245	0				KALIMANTAN UTARA
246	245	-2.8600732	115.4150282	CioHYA8zUiNUJlA8CzULNwdzBzMDbAVuBWcBLFU2W2RTMVFqDDRWalYxVmxcMgNr	MALINAU
247	245	4.0563015	117.672596532438	ACACZVxgVSRQIgpmXGIGO1cjBDAEawVuVTcDLls4DjFUNg02CTECPgViWWMBb1c%2F	NUNUKAN
248	245	-6.8738404	109.10825	BCRTNF1hUSBSIAdrATAKPlElBDAAbwBrAGJQfVEyXmEHZQY9CzNRbVYxBD4MYgBo	TANA TIDUNG
249	0				KEPULAUAN RIAU
250	249	1.0766671	104.500278	CipTNF5iVidaKAZkDjIKNwB0UWUHaA5lAWNRfFo5W2RbOQc8CDBRbQNkV21aNFI6	BINTAN
251	249	-0.0291694	109.3275473	BSUDZFpmVyYFdwdlDzMFOVMnBDBVOgdsUDICL1AzDjFaOAA7DjYEOFUyUmhZN1Q8	KARIMUN
252	249	3.0	106.0	AyNVMgg0UCFbKQFjWWZRZ1QgUGQNYgVuA2EMIVo5DzBTMVBrW2MPM1UyWGILZVQ8	KEPULAUAN ANAMBAS
253	249	1.10694	104.08023	AyNTNAE9XC1RIwdlDjEFNQdzCj4GaQNoB2UNIFIxWmUFZw02WmIHO1cwADoNY1M7	KOTA BATAM
254	249	1.1193825	104.4386864	VXVSNVtnBHUAclMxW2QEM1AkADQGaVc8B2UEKQNgDzAFZ1VuDjYPMwNkBT9aNAdv	KOTA TANJUNGPINANG
255	249	-3.7296655	103.833444727341	AiJTNFpmA3ICcFAyDjEBNQZyADRVOgNoAWMNIFIxW2RUNlZtATkGOlA3AjgMYl01	LINGGA
256	249	-6.3314072	106.9535432	VnYEY1pmA3JWJAZkDzBXYlcjUGQEa1Q%2FVTdSfwFiXGNSMAw3CzNRbQViUWsPYQRs	NATUNA
257	249			UHAFYgg0VSRUJgJnDDVXYVMxUCUCYAJqUT5WN1snATxWNQU4AT4OOlE%2BBzUKbARoVDE%3D	Pekajang Kab. Lingga
258	249			BCRWMQo2A3ICcFA1CTAHMQFuAncBYwdvA2wGZwF9WmdTMAM%2BDjEEMFI9AzENa1wwVjM%3D	Pulau Laut Kab. Natuna
259	249			BycDZF5iUiMCcFE0WmMGMARkA3YBYwBoVzgEZVMvDzIAYwE8CDdUYFI9ADJaPABsVTA%3D	Pulau Midai Kab. Natuna
260	249			CipZPlpmVCUAcgVgADlXYQFgViMHZVQ8A2wEZVIuXWAFZg0wAT5SZlY5UGIOaFE9AGU%3D	Pulau Serasan Kab. Natuna
261	249			BSVWMV1hXSwFdwJnDzYDNQFiViMNbwBoBmkFZFsnCTRSMQE8CDcCNlU6UmBaPFE9UTQ%3D	Pulau Tambelan Kab. Bintan
262	0				LAMPUNG
263	262			CytZPgg0AHFaKAJgDjMFOAN3U2cFalM4AmACL1o5DTJbOVBrCDBWagZhUmgLZQdv	KOTA BANDARLAMPUNG
264	262	-4.9916112	105.4242653	ACAEY15iUiNVJwpoXGAHMwN3BTEMYw5lUTMMIQdkDDMGZAU%2BW2MBPQdgVmxaNARs	KOTA METRO
265	262	-7.9144403	113.9325333	BydXMAE9VCUAcgVnATsFN1YiU2cBbgVuUjBSf1s4AT5SMAE6XmZWagdgUmgAblY%2B	LAMPUNG BARAT
266	262	-6.16876605	106.8208485	CipYPw4yVyYFd1Y0W2EFNgJ2BDBXOA9kVTcMIVU2XWIGZAA7W2NRbQFmUWtaNFY%2B	LAMPUNG SELATAN
267	262	-7.0043357	110.3983659	VnZSNVtnVSRXJQFjXmQHOwdzVGAEawBrDW8ALVEyAD9RM1VuCDAAPAJlAzlaNAFp	LAMPUNG TENGAH
268	262	-7.9144403	113.9325333	VnYEY1pmAHFSIFY0XmQAPVAkV2MCbVI5VjRQfVc0AD9VNwc8DTUCPgBnUGpeMF01	LAMPUNG TIMUR
269	262	3.5823196	98.6921323	V3dXMAwwVicCcApoDTAFMQZyV2NSPQ9kAGINIFo5AD8CYFZtCzMEOARjU2lZNwRs	LAMPUNG UTARA
270	262	-4.2024521	104.8623587	UHAHYAE9BncHdQJgWmcBMgVxV2NRPlQ%2FBGZWe1Y1WmVaOAI5WmJTbwtsVG4IZlY%2B	MESUJI
271	262	-5.4782102	105.0086268	BiZYPwA8VyZRIwNhWWQKOwdzUGQGaVA7VzVVeFAzCDdUNgQ%2FDzdSblUyWGJcMlA4	PESAWARAN
272	262	-8.5822879	116.092571661926	ACACZQo2USBbKQpoDTAKNgJ2VmIFagZtDW8FKABjCzQAYldsWmIFOVE2UmgKZABo	PESISIR BARAT
273	262	-5.3554079	104.9774115	UHBWMQA8VCVXJQZkWWRTYQF1BjJQPw9kB2UDLlQ3AT4CYFJpXmYPMwtsBz0IZgRs	PRINGSEWU
274	262	-5.416667	104.7	UXEEYwo2XSwAclY0DjMANQx4ADRQP1c8A2EFKABjAT5TMVFqDjYFOQFmWWMPYVU9	TANGGAMUS
275	262	-7.5646768	111.944931	AiJZPgwwUyIBc1MxXmMEMlElCz9WOQNoBGYGKwNgDTJUNgM4XWVRbQBnAzkIZlM7	TULANGBAWANG
276	262			ASFXMFxgUCFRI1EzCDUDNAVxUGQHaFA7BGYCL1EyWWZbOVZtWmIOMgNkUmhbNVI6	TULANGBAWANG BARAT
277	262			V3cDZA4yA3JWJARmCDUFNQN3BDAHaAFqUjBSf1Y1CjUBYwI5XmZTbwptUGpZN1Q8	WAYKANAN
278	0				MALUKU
279	278	-3.439027	126.7040638	VXVVMg4yVicGdFE8XmICPwdzAjZWOVA7BGYNIAFiCjVRM1dsATlUaAViWGIKZABo	BURU
280	278	2.1269869	99.7629317	BiZSNVllXSxTIQpnDTIDN1AkUWUEa1U%2BVzUGK1c0WmVaOFFqW2NUaAJlAzkAbgNr	BURU SELATAN
281	278	-6.0	134.5	VXUCZQ0xXSwCcFA9AT4DNgB0VmIHaARvUTNQfVAzDDNbOVBrXmYCPgViU2leMFA4	KEPULAUAN ARU
282	278	-3.6947621	128.181075110576	BSVXMA4yXSxTIVY7WWYEOAJ2ADQBbg9kUDIDLlY1DDNTMQw3DTUFOQptUGoJZwRs	KOTA AMBON
283	278			VnZWMQ0xAXBaKApnCDcFOFMnUGQMY1Q%2FDG4GK1U2W2QBY1FqXGRTb1UyV21cMlw0	KOTA TUAL
284	278			UHAFYgo2AXBSIABtCDcCMlMnUWUFalc8DW9RfFo5XWIBYwI5XGQAPAptUmgOYAdv	MALUKU BARAT DAYA
285	278	-7.0396558	112.9097099	ACBWMQk1AXBbKVc6DzACMw15BTEHaFI5A2ENIFo5W2QGZAE6XmYCPgNkV20MYlc%2F	MALUKU TENGAH
286	278	-7.064789	113.5003281	BydSNVllAXBSIAZrCjVQYlYiVGANYgVuAGJVeFAzCTZQMldsDzcGOgZhWGJbNV01	MALUKU TENGGARA
287	278	-7.064789	113.5003281	VXUCZQA8BHUFdwZrWmUBMlcjUWUGaVU%2BB2VXegRnCjVVNww3XGRRbQptBz0LZQBo	MALUKU TENGGARA BARAT
288	278			BycAZwE9VSQAcgtmDjECNAN3ATUEawZtBWdVeFc0W2QHZQE6DzcBPQBnBT8PYV01	SERAM BAGIAN BARAT
289	278			ACBYPwE9VSRbKQBtDzALPFYiBTFXOA9kA2FQfVU2WWYGZAU%2BDzcHO1I1VmwNY1c%2F	SERAM BAGIAN TIMUR
290	0				MALUKU UTARA
291	290	-7.1137662	113.8518295	UnJYPwo2UyJVJ1A9DjBQZAN3UWUCbVU%2BAGIHKgRnCTYHZQ02DjYBPQtsBD4OYF01	HALMAHERA BARAT
292	290	-6.1271203	106.8518766	VXVXMFxgXC1XJQRpW2UHMg15VmIDbFM4AmAEKVIxCTZRM1FqCDBTbwViVmwLZQFp	HALMAHERA SELATAN
293	290	-6.9947176	110.4373287	VXUCZQE9XSwAcgNuWmQGMAVxUGQGaQRvBWdXegFiXGMFZwE6WmIGOgJlBT8OYARs	HALMAHERA TENGAH
294	290	-7.7724701	113.2090454	CipWMQ8zUSAGdFM%2BXGIDNAx4Cz8HaAZtBmQCL1o5CDdQMgE6DDRUaAJlBD4KZAdv	HALMAHERA TIMUR
295	290	-7.7724701	113.2090454	AiJTNAE9BHVUJgdqCDZWZg15ADQAbwJpVzVRfANgWWYFZw02DjZVaQRjVG4LZQRs	HALMAHERA UTARA
296	290	-1.83139815	124.829940801908	UnJTNF5iB3ZRIwBtAT8LOlAkCj4HaAJpUjAALVY1DTIGZAE6CjJRbVA3BT9cMgBo	KEPULAUAN SULA
297	290	0.3592792	127.4078226	AiIDZAo2UyIBc1Y7CDYHOwB0BDBWOVQ%2FDG4NIFo5DzBXNQc8XWVUaABnVG5cMgRs	KOTA TERNATE
298	290	0.5377184	127.540214086993	UHBZPgwwBndXJVQ5DDJTbgZyVGAAb1c8BGZWe1Y1CDdbOQY9ATkBPQFmADoIZgRs	KOTA TIDORE
299	290	2.2682479	128.4668554	AyMAZ11hBncBcwBtCDYAMlcjUWUNYlU%2BAGIALVEyAD8AYldsCTFVaQBnADoOYFI6	PULAU MOROTAI
300	290	-1.7886947	124.8027711	BycAZwwwVCVSIARpW2VWZVQgCj5RPgBrAmAHKlAzDTIBY1FqXmYPM1cwBz1cMgNr	PULAU TALIABU
301	0				NTB
302	301	-8.5637593	118.6719665	UXFTNF1hAXAGdFY1Xm5WYQJ2Cj4EawRvVjQFKFEyXmEAYgc8ATlWagFmADpcMlE5	BIMA
303	301	-8.5355857	118.4621733	BCRRNgwwUiNUJlY1WmpUZAx4UGQCbVc8UDIDLlo5AT5XNQM4CDBUaAZhV20NY1Q8	DOMPU
304	301	-8.4535168	118.7276222	ASFQNws3USBRI1E9WWAGMFAkV2MHaFM4UTNWewFiDzBaOFJpATkFOVA3UWsJZ1w0	KOTA BIMA
305	301	-8.5837726	116.10685	V3dTNA4yVSRbKQJuW2JWY1AkAjZSPVM4BmQCLwBjXWJRM1JpCjIHOwRjUWtaNF01	KOTA MATARAM
306	301	-8.6718889	116.122048	BSVYP1llVCUFdwppXGxTYgRwBTEFagFqA2FQfQNgCzQFZwM4CDAEOFcwAzlcMgFp	LOMBOK BARAT
307	301	-8.703071	116.2899373	AyMCZQ0xAXBXJVc0Dj4GNFYiUWUNYgFqBGZWe1EyCzQCYAY9CTEBPQBnVmwBb1I6	LOMBOK TENGAH
308	301	-8.6330934	116.5587704	VnZTNFpmVyZQIgFiCTkLOFAkCj5WOQdsBWdRfFEyWWZSMAI5CjJSbgRjADoPYVU9	LOMBOK TIMUR
309	301	-8.3572425	116.1609208	CioFYlllA3IBc1MwDT1Xa1cjVGBVOgJpVzUCL1MwAD9TMVZtDDQOMgJlAzkJZwZu	LOMBOK UTARA
310	301	-8.5945716	117.258866208065	ACACZQA8B3ZXJQJhDz9UaQF1U2dRPgRvDW8BLFMwDDNaOFVuCjIOMlI1AjgLZVU9	SUMBAWA
311	301	-8.658515	116.9161845	BycAZws3A3IBcwNvXWRRZQZyVGAHaANoBmRSf1Q3CzRTMVBrCjIAPAptUWsLZV01	SUMBAWA BARAT
312	0				NTT
313	312	-8.2911363	124.777876006207	CytRNgE9USBSIApmDTQKPQRwUWVVOg9kVTcEKQFiCTYBY1dsXGQGOgptVG5aNFQ8	ALOR
314	312	-8.427259	123.465631	UHAHYA0xUCFSIApmDjcCMgRwU2cMY1I5DG4FKFQ3CzRSMA02CjJUaAdgU2lZN1c%2F	BELU
315	312	-8.5448788	122.8190495	BycFYlllBHUAcgZqDDVRYFMnBjIHaFQ%2FVjQBLFAzXmEHZQc8ADgOMgptV21aNAZu	ENDE
316	312	-8.6874142	122.3069996	VnZYPw4yAHFSIAFtADkHNVAkBjJSPQFqBGYEKVEyDjEHZVFqCDBSbgViADoMYgdv	FLORES TIMUR
317	312	-8.6756039	121.6946498	ASFRNgg0BHVWJABsXWYFNVQgCz9WOQ9kVTdVeFAzCTYGZFFqXmYEOAdgADpaNFY%2B	KOTA KUPANG
318	312	-10.1632209	123.6017755	BiYHYAk1B3YBc1c7CzIEN1QgATVWOQRvA2FRfFMwWWZSMAI5CTEDPwptAjheMFY%2B	KUPANG
319	312	-8.6935482	120.3534999	BycAZw0xXC0Fd1Y6XWQBPQB0UWUNYgZtVTcCL1Q3AT5aOAU%2BCjIEOAJlADoKZARs	LEMBATA
320	312	-8.4331898	116.0592207	VnYFYltnAXBVJ1A8WWIDNAF1V2MEaw5lBGYALVIxAT4BYwY9CTEBPVYxV20LZVE5	MALAKA
321	312	-6.21329295	106.851665242193	BSVRNgwwUyJVJ1Y6CjMLNgRwVmINYg5lUjBSf1c0DTJbOQc8DjYFOVE2VG4NY1Q8	MANGGARAI
322	312	-8.6192587	120.0897499	CytYPwA8AXBXJQBsCTEDNwdzU2dVOgJpBmRVeAFiDjFQMgE6XGRSbgtsUGpbNQNr	MANGGARAI BARAT
323	312	-10.7385002	123.1188494	BCQEYwA8USAHdQNvXmZWYwB0Cz8HaFA7BGYMIQZlDDMFZww3W2MEOFA3BD4MYlE5	MANGGARAI TIMUR
324	312			CipSNQs3UCFSIAtnATkFMwZyAzcAbwVuAmBQfVs4CzRVN1BrCDBRbQNkVG4PYVA4	NAGEKEO
325	312	-8.7037352	121.2924998	BiYAZw8zA3JSIFc7XmZTZFMnAzdQP1Q%2FAWNVeFY1XmFVN1JpCTFWagptUWtdM1c%2F	NGADA
326	312	-10.7479592	123.0556159	AyNTNAA8VyYBcwZqDjYAMAB0BzMHaFQ%2FAGIFKFY1CDdVNwM4DjYHOwFmUWtbNV01	ROTE NDAO
327	312			ASFTNA0xVCVVJ1Q4DDcHM1AkBjJXOAVuVjRXegRnAD8FZwM4XmYFOQZhBT9dM1Y%2B	SABURAIJUA
328	312	-8.691055	122.1653276	BiZZPgE9XC0GdFQ4CTFWZwJ2V2MHaABrB2UCLwZlXGNTMQQ%2FWmIAPAJlVG4NYwdv	SIKKA
329	312	-9.6161046	119.4426864	ASFZPl1hUCFaKFQ4DDRWZAx4AjYBblc8AmADLlU2XmFXNVVuXWUCPgtsUWsMYlc%2F	SUMBA BARAT
330	312	0.912178	109.4866791	CioEYw4yUCFSIFE9CDBRYgx4BjIBbgZtVzVVeFo5DDMAYgQ%2FADhUaFcwADoMYgFp	SUMBA BARAT DAYA
331	312	0.4811983	109.6972237	ASFVMgE9BndRI1A8CzNTbwN3BTEDbFI5UTMEKVY1CTZTMQE6XWUCPgZhWWNcMgZu	SUMBA TENGAH
332	312	0.3846385	109.1648268	UHBVMgg0VyYFdwpmATkLNgx4AzcFagVuDW8EKVU2CjVRM1FqDzdRbVA3U2kOYFE5	SUMBA TIMUR
333	312	0.2842828	110.4596863	AiJZPlxgXC1SIAFtXmVRZAF1UWVXOFQ%2FB2UGKwNgCTZSMFBrDzdVaQFmUWtdMwBo	TIMOR TENGAH SELATAN
334	312			ASFWMQg0BndbKQpmCjEHMQ15BzNVOlU%2BVjQEKVo5CzQCYFdsCzNVaVI1UmgNYwNr	TIMOR TENGAH UTARA
335	0				PAPUA
336	335	-0.0776695	112.1060448	UHBQNwA8AXBSIFE8XWwDNwZyVmICbVU%2BBGYALVAzW2RXNQc8CTFSblUyVW8KZAFp	ASMAT
337	335			BCQDZAwwBHVUJgFsCTgCN1QgBzMMYwZtAWMNIFo5DDMGZAM4W2NUaFA3AzkOYFU9	BIAKNUMFOR
338	335			VXUEYw4yUSACcFE8WWhWYFAkBjIHaFU%2BUjAEKVs4CzRVNwA7XmYFOQFmUGpeMFI6	BOVENDIGOEL
339	335			VXVYPwg0AHFSIANmDzZTZwJhVyJXNQBoA2wFZAd7CzZbOFFsWWYBNVc4AzEJbwNvWj8%3D	DEIYAI
340	335			V3dTNFllUyJUJgVgCjNQZFMxVCEAYlA4AG8HZlMvXWBVNlFsWWZSZlc4WGoKbAFtUzY%3D	DOGIYAI
341	335	0.8740913	100.7366943	BSUCZQg0VCVTIQRhCDFQZAJjVCEBYwBoUD8GZ1EtDDFTMFVoDDNUYFI9AjAOaFY6VjM%3D	INTAN JAYA
342	335	-2.5387539	140.7037389	UXFTNAk1AXBVJ1E8Dj9RZgN3VGACbVI5UTMFKAZlDTJSMAM4DDQEOFUyBz0Bb1M7	JAYAPURA
343	335	-1.0813228	110.0881195	AyMDZAwwUCFXJVQxCTACNlQ0VCFRM1A4DGMFZFQoXmMCYQE8DTJRZQFuU2FdOwRoBWA%3D	JAYAWIJAYA
344	335	-0.2962141	109.5102234	BiYAZ1xgVyZTIQNuWmsDMwN3ATUCbVc8UTMBLFEyWWYCYAA7W2NSbgJlUGpeMABo	KEEROM
345	335			BSUCZQ4yVyYCcAtuCTAFMQNtBnNSMAdvVjkBYAd7ATwHZFdqXGMDN1A%2FUmAPaVwwVTA%3D	KEPULAUAN YAPEN
346	335	-2.6087186	140.9979953	V3cEYws3VidTIQZjCjMANFY5VCEMblI6B2hQMQZ6XGFTMFZrAT4DNwZpWGpaPARoVzI%3D	KOTA JAYAPURA
347	335			UXFXMAwwVyZVJwFkCjMHM1cyUSRQMgJqVjlWN1crXmNaOQU4CTYGMlc4BDYLbQNvVzI%3D	LANNY JAYA
348	335	0.8697937	109.0192032	BSUAZwk1VyZTIQJvWWkANwJ2Cz9RPlI5VjRWe1AzXWJUNlBrCDBUaFA3V21aNANr	MAMBERAMO RAYA
349	335			CipQNw0xUSAGdARpDDwFNVElBDACbQdsAGJVeAFiDjECYAE6DDQGOgptWGJbNQdv	MAMBERAMO TENGAH
350	335	-2.1335812	111.7115173	CytTNFpmUCFaKABtADEBMAN3V2MBblI5BGYFKARnDzBRMwE6DTUGOlUyUWsKZARs	MAPPI
351	335	-8.4902766	140.395582	UHBQN15iVicBcwVoADFXZQN3ADQCbQ5lVTcCL1c0XWJaOAE6WWEFOVYxUmhcMgZu	MERAUKE
352	335	-4.3821082	136.4027754	UXFZPg8zVCUBcwVoATBQYwN3V2MBbgdsUjBVeFEyDzBRM1FqDjYGOgtsBz0AblM7	MIMIKA
353	335	-3.3596317	135.5049831	UnIHYAs3AXBUJlE0ADlQZFA3USQBYwNrB2gBYFUpXGEBYgA9DjEPOwNsU2EMagBsAWQ%3D	NABIRE
354	335	-4.76836	138.37082	VXVWMVpmVidSIFYzWWAANABkCn9VNwZuUj0GZ1snWmcFZgU4XGNWYlc4VGZeOANvVTA%3D	NDUGA
355	335	-0.7729467	115.1299629	UHAEY1pmBHUCcFY7CjtXa1QgU2cEawJpA2EHKlU2XWJRMwA7W2MDPwZhAjhaNAdv	PANIAI
356	335	-2.9084178	111.0822411	AiJWMVllAHEBc1Q5WWhXalcjCz9WOVI5B2UFKABjXGNUNlZtDDQFOQZhAzkMYgNr	PEGUNUNGAN BINTANG
357	335	0.7160098	122.6890583	BiZUM1tnVyZaKANuDDxUYAZyBjIAbw5lUjBWe1c0CzRSMAA7CjJUaFE2VmxcMlU9	PUNCAK
358	335			AiJYPws3UyICcAVoWmoHMgRwADQCbQZtBGZRfFMwDjFWNFVuATlSbgViBD4NY1w0	PUNCAKJAYA
359	335	-2.5797888	112.1658058	VnZSNV1hUyJUJgtmWWlRZ1MnADQHaFc8BmQMIQdkXWJSMAc8CzNUaAJlV20JZwZu	SARMI
360	335	-1.0754899	112.8654442	V3dTNAwwAHFQIgFsCzsCMwB0U2cCbQ5lVTdVeAdkXGNXNQ02DjZTbwViADpeMFc%2F	SUPIORI
361	335	-2.7495278	113.9798622	ACAAZwwwXC1TIVQ5WmoDMVMnUWUNYgJpAWNWewdkAT5XNQY9XWVTb1cwUmgBbwNr	TOLIKARA
362	335	-0.9537513	113.4912262	AyNTNFpmAXAHdVQ5WmoGOwF1VmIMYwBrB2UMIQFiAD8GZFZtXWUEOFcwBD4AbgNr	WAROPEN
363	335	-4.8675166	139.4856063	CytZPlxgVicAclE8DT0KOVQgVmJRPlQ%2FVTcBLFc0WWZRM1dsDDQDPwRjVG5cMgNr	YAHUKIMO
364	335			ASECZV1hXC0FdwpvW2IGMgZgBXAGZFQ8BWoAYVYqWmdUN1VoW2QANFA%2FWWtbPQZqWz4%3D	YALIMO
365	335	-0.1184009	114.2036689	UnIFYlxgUSBTIQRpCTkEOAF1VmJWOQdsAWNWewRnDzABYwc8ADgGOlE2Bz0NYwNr	YAPEN WAROPEN
366	0				PAPUA BARAT
367	366	-1.8310807	113.8086586	CytTNAg0A3JbKQdiDTQBNFYxA3YHZVU9BWpVNAd7DDFaOQQ5DDNUYFI9BDYAZlU5VDE%3D	FAK-FAK
368	366	-3.8914761	114.94745	UnJQNwg0UiNbKQBlCTABNAdhBXABYwNrB2gNbFYqCjdVNgY7WmUPOwVqVmRbPVc7UTQ%3D	KAIMANA
369	366			AyMEYwg0VSQFd1YzDzYDNQVgA3YMblM7Uj1RMFQoCDUGZVdqXWJTZwdoBTdaPAdrB2I%3D	KOTA SORONG
370	366	-0.8571545	134.0787709	BiZYP1tnUCFaKAdiADlTZgZiB3JWNAFpA2wEZVEtXmNTMFVoAT4FMVc4ADIIbgZqB2I%3D	MANOKWARI
371	366	-5.1436586	119.4202954	VXVUMw0xAXBWJFE0CzJTZg1uAHUGZAFpBGtSM1QoDTAFZgM%2BWWZSZgBvVmQNa1E9VTA%3D	MANOKWARI SELATAN
372	366			BycEYw4yVidTIVA1ATgBN1M0C35RMwZuDGMHZgN%2FAD0HZAM%2BCTYPOwZpBDYOaAFtBmM%3D	MAYBRAT
373	366			VXVWMVpmXC1VJwtuADlWYAdhVCENbwNrVzhVNAR4W2YGZVJvCzQFMVE%2BBDZZPwNvWz4%3D	PEGUNUNGAN ARFAK
374	366	-0.5	130.0	VnZQN11hXC1RI1YzWWBRZAJnAXQEZgFpAm1VNFEtXGFUN1BtCjUEMAVqUGIMalY6Wj8%3D	RAJAAMPAT
375	366	-0.8634105	131.2544805	ACBTNAs3USBTIQpvCDFRZAFjUCVRMwJqVjlRMAB8DTBWNVVoAD9TZwtkWWsJb1M%2FVzI%3D	SORONG
376	366			AiJSNQs3UiNUJgFkDTQFMARlAHUAYgVtDGMDYlMvW2ZSMQI%2FWWZWYgdoAzEKbAZqUDU%3D	SORONG SELATAN
377	366			VXUHYAk1XSxRI1M2W2IBNFc5USQDYVM7VzgDYlEtDDEHZFdqDTJTZwNsWWtdO1M%2FVjM%3D	TAMBRAUW
378	366			AiICZV5iUCEHdQpvW2IEMVQ0USQBYwBoA2wNbFIuDzIAY1dqWWYANAVqVGZaPF0xBWA%3D	TELUKBINTUNI
379	366			UnJZPltnBHUCcApvATgANVA%2FB3IAYgVtVToHZlQoAD0GZQc6WWYEMAJtWWsAZgRoBWA%3D	TELUKWONDAMA
380	0				RIAU
381	380	1.4773227	102.110402	AiJZPg0xAHEAclY3Xm8HNA15VmIHaAJpUDINIFc0CzRbOQI5ADhTbwRjADoKZAZu	BENGKALIS
382	380	-0.4002253	103.062548101666	UHBSNQg0XC1bKQNiXWwLNwRwCj4Bbg5lBGZQfVY1WWYGZFBrW2MGOlI1V20PYVE5	INDRAGIRI HILIR
383	380			CytYP1llA3IHdVc2ATAGO1AkAjZWOVI5VjRQfQdkXGMGZAM4XGQHO1YxUGpaNFw0	INDRAGIRI HULU
384	380	-0.1190343	101.0939002	ACBQNwwwBncBc1c2DT1WYlcjBzNQPw5lDG5RfFs4XmFQMgA7CTFRbVI1UGpaNFM7	KAMPAR
385	380	-1.216667	105.233333	UXFRNl5iUSBaKAdmDT0AMlcjBDAHaAFqUTNXegBjDDMBY1JpADhSbgtsWGJaNFE5	KEPULAUAN MERANTI
386	380	1.6341829	101.544969	CipXMF5iVyZXJQprDj4LN1ElBTEGaVM4BmRWewBjAD9SMAc8XmYAPFI1UWsJZ1U9	KOTA DUMAI
387	380	0.6113052	101.46979073849	BiZRNg4yVyZTIVAxCzsDMAx4ATUAbwRvDG5QfQFiCDcCYAA7XGRWagFmUWsKZFc%2F	KOTA PEKANBARU
388	380	0.5049283	115.18993	BCRXMFxgUiNXJQZnDj5WY1cjV2MHaAVuVzUALQFiDTIGZAQ%2FDTUGOlE2UGoKZARs	KUANTAN SINGINGI
389	380	0.3924217	101.9703845	BSUDZA8zAXBRI1MyDDwANgx4BzMAb1Q%2FVzUCL1AzXWJaOA02XWUHOwJlBD5eMFA4	PELALAWAN
390	380	0.9751078	117.5295601	UHBTNAwwXSxSIAVkCjoHMARwVmIHaFM4UTMEKQRnDDNaOFZtCzNSblUyU2leMFM7	ROKAN HILIR
391	380	0.51459175	101.43745680111	AyNUM1llXSwGdANiWmoCMlQgCz8FalI5DG4MIQBjXGNVNwI5W2MAPANkAjgLZQdv	ROKAN HULU
392	380	2.396893	115.6978836	CytTNAs3AXBbKVc2ADBTYlQgBzMCbVI5UDIALQdkCTZXNVZtXGRSbgJlVG4OYF01	SIAK
393	0				SULAWESI BARAT
394	393	-3.5459286	118.9607438	VnYEYw8zBndSIAZrW2cLOQF1V2MBbg9kUDIEKVo5XWJTMVVuCzMFOVcwUGoAbgNr	MAJENE
395	393	4.0094545	116.6785316	CytWMQA8VCUFd1A9DTFUZwB0UWUDbFM4VzVXegdkDzAAYgU%2BXGRWagNkADoNY1M7	MAMASA
396	393	-2.6757443	118.8885839	CipWMQE9VSQFd1M%2BXWFRZgdzVGBQP1c8DG4GK1Q3XmEBY1JpXGQFOQRjV21dMwBo	MAMUJU
397	393			BSUAZwo2UyJbKQJvDTEFNQB0ADQAbwRvAGICL1Q3W2QAYgc8XmYGOlA3ADoOYAdv	MAMUJU TENGAH
398	393	-3.1337923	118.8143795	ACAAZwo2AXBaKARpDTEFNAJ2U2cDbAFqVTdVeAZlDDNRMwA7CzMEOFE2VmwOYFE5	MAMUJU UTARA
399	393	-3.40713495	119.321982232899	BiZYPwk1VSRTIVA9CTUGOgx4BTEEaw5lDW8CLwdkDjFTMQ02XGQAPAdgUmhbNV01	POLEWALI MANDAR
400	0				SULAWESI SELATAN
401	400	-5.5428215	119.932609	VnYEY1xgBHVUJgFsDzcGMg15U2dRPg9kAWMMIQNgXWJSMAQ%2FWmICPgZhWWMNY1Q8	BANTAENG
402	400	3.3588508	117.5932007	AiJVMgs3VidQIgdqWmIGM1ElBjIAb1Q%2FDG4NIFAzDDMGZAM4CTEOMlE2VG5dM1Q8	BARRU
403	400	-9.8280059	124.4457626	VXVQN1pmXC1WJAVoXWVQZlcjCz8GaQdsAGJRfARnDTJaOFBrDzdWagJlUGpZNwRs	BONE
404	400	-5.5518642	120.1923864	ASEHYA0xVyYBcwJvDTVQZwJ2ADRWOVU%2BAmAMIQNgWmUFZwU%2BWmIGOgFmWGJbNVY%2B	BULUKUMBA
405	400	-3.5665238	119.7738266	BiZTNA4yUCFUJgVoCzMLOwJ2ADQGaQ5lVTcDLlQ3CjUGZFdsCDBSbgtsWWMJZ1E5	ENREKANG
406	400	3.5490959	125.5386701	BiZQNwA8BHVQIgZrADgAMQVxAzcDbANoBGYEKQdkCzRUNgA7DzdWalUyV20JZ1M7	GOWA
407	400	-5.4931474	119.5771474	UHBUMw8zUyIGdABtATkCMARwCz8Ab1A7AGJVeFo5W2RSMFJpCDAGOgViADoMYgNr	JENEPONTO
408	400	-5.3211032	119.3660407	VXUDZA0xXSwAcgpnCTMCNgdzVGADbFM4VzUNIFIxCjVXNQU%2BDzdVaQtsVW8IZlw0	KOTA MAKASSAR
409	400			BydQN1xgBHUGdARpADoKP1MnCz8GaQVuDG4GKwBjCDcCYAc8W2NSbgZhVW8PYVY%2B	KOTA PALOPO
410	400			V3dUM15iVCVSIFE8CTNWYFElATUCbVA7VjQEKVQ3XWJTMVVuDTVUaANkADpZN1c%2F	KOTA PARE-PARE
411	400	1.0296061	124.5276661	ASEDZAk1B3ZaKFc6CzNUZ1AkVmIEawdsB2UMIQdkWmVTMQU%2BWmJWagBnV20IZlw0	LUWU
412	400	1.5071072	124.9874625	AyNYPwE9BHUCcFY7DDQGOlYiBzNRPgBrUjBSf1s4AD8FZ1BrDjYCPlUyV20MYgdv	LUWU TIMUR
413	400	-2.5951257	120.2562544	BCQHYFtnXSxaKABtXmZQbQ15Cz8Ab1Q%2FAGJQfVEyW2RWNFZtCDBUaAViAzlaNFU9	LUWU UTARA
414	400	-3.9118	121.3437	CioEYw4yUyJRIwBtCzBTZ1AkUGQBbgVuVzUALQFiXmFRMwc8XGRTb1cwADpbNVA4	MAROS
415	400			ACBXMFpmUCEBc1Y7XWYKPwx4V2NXOARvDW8MIVo5AT4GZA02XGQCPgptBT8AblU9	PANGKAJENE KEPULAUAN
416	400	-3.7932568	119.6528692	CioAZws3VyYCcFQ5WmFRZwRwCj5XOFM4VTcNIFY1WmUAYgc8XmYHOwViUWsAbgBo	PINRANG
417	400	-8.7693844	116.489063	AyNXMF1hUCFaKAtmXGUKN1QgAzdWOQRvAmAEKQdkXWIHZQA7DjYAPAFmBD4LZQdv	SELAYAR
418	400			CioDZFllBHVWJFA9XWYHMFQgBTECbQFqUTMHKlEyDzBVN1BrW2MOMgZhVW9eMFY%2B	SIDENRENGRAPPANG
419	400	-0.9826148	122.6193765	UnIDZFxgBHVUJgRpDTZQYFAkAjYEaw9kBmRVeAdkDjFUNgE6XGQFOQRjBT8MYlU9	SINJAI
420	400	-2.3599193	121.6448704	BydWMQs3XC1QIgNuXWYKO1AkVmINYgdsVTcGK1Y1XGNXNQY9WmICPgdgAjgPYVI6	SOPPENG
421	400	-1.5617533	120.480049	BiZRNg4yAHEFdwVoCzACMFYiCz8AbwJpVzVQfVAzCjVWNAU%2BXGQEOARjVmxbNV01	TAKALAR
422	400			UHBWMQo2B3ZbKVc6DjUDMAN3BjIDbARvAWMFKAZlDTJSMAA7W2MAPAJlU2laNFc%2F	TANATORAJA
423	400	-2.9729364	119.8924358	UHBRNgs3XC0HdQFsDDcGOlYiBjIMYwBrAmBRfFU2DTIHZQ02CDAPM1E2UGpaNAZu	TORAJA UTARA
424	400	-8.8364638	121.2436246	UHAEY11hBndQIgVoXGcCPwF1Cj4GaQ5lAGINIFEyCTZRM1dsDjZWalE2VmwIZlU9	WAJO
425	0				SULAWESI TENGAH
426	425	-0.9210461	122.6975066	AiJSNQA8VidbKVY6Dj4ENg15BTECbVI5BmRSfwdkDzBVNww3CzNWalYxUWtbNV01	BANGGAI
427	425	-1.3518454	123.1808567	BiYCZQE9UiMCcFY6DDwENwVxBjJSPQ9kVjQEKVU2DTJQMlVuXmYGOlI1VmxcMgZu	BANGGAI KEPULAUAN
428	425	-1.84285645	123.102559241283	ASFVMgg0BHVaKAVpADBUaA15VGAMY1U%2BDW8NIANgDDMHZVdsCTFUaFA3VmwIZlw0	BANGGAI LAUT
429	425	1.0123735	121.3120524	BSUAZ1tnBHVVJwNvCTkDPlQgAzcEa1Q%2FUTNWe1AzCjVXNQY9ADgBPQZhU2kKZFY%2B	BUOL
430	425	-3.9144	121.3164	BydXMFllAHECcARpXWRXYwdzCj4MYw5lUTMDLlo5WWYHZVZtDjZRbQFmAzkMYlY%2B	DONGGALA
431	425	-0.8296325	119.8979865	ACBUMw4yB3ZUJgJvDDUFOVElATUDbABrVjRRfFQ3XWJVNwQ%2FADhWagdgUmhbNQFp	KOTA PALU
432	425	-5.4804929	119.9831275	UnJRNg4yVSQBcwFsCDFRZAdzATUAbwdsDG4DLlo5WWYHZQE6WmIAPFYxVW8IZgNr	MOROWALI
433	425			AiJWMQwwAHFUJlE8CDEGMFcjATUCbQVuUDIHKlMwW2RaOFVuDzdUaFI1BD4JZ1E5	MOROWALI UTARA
434	425			ASFUMwA8A3JTIQZrXGVXYFQgCz9VOgBrDG4MIQRnXWIAYg02W2NRbQZhUWtaNFY%2B	PARIGIMOUTONG
435	425	-1.5657927	120.7138061	BiYCZQ4yUSBTIQJvDDVRYQB0V2MDbAVuUTMDLls4AD8BY1JpDzdRbQtsBD4OYFY%2B	POSO
436	425	-1.8960536	114.1235862	ASEFYlxgVSQFd1M%2BXWRUZ1QgUGQMY1I5AmABLFY1CDcAYlFqWmIDPwViUGoMYgNr	SIGI
437	425			VnYCZVpmVyYGdAZrXmcBMAJ2BDABblI5UjAFKFU2CDcCYAE6DDRUaAFmU2lcMlc%2F	TOJOUNAUNA
438	425	0.9702058	120.875646868308	ACAHYF1hUCFVJwNuXWQGNAVxBTEAbwdsBGYDLlU2WmVbOQI5W2MPMwJlAzkKZFQ8	TOLITOLI
439	0				SULAWESI TENGGARA
440	439	-5.0697189	119.7168235	AiJUMw0xBndVJwJvXGZTZAF1UGQDbFI5BmQCL1U2DDNRMwQ%2FXWUPM1A3UmgIZgdv	BOMBANA
441	439	-5.0347675	122.886341915647	CioAZw0xBHUBc1E8ADpQYFMnCz8HaFA7DW9RfFIxDjFUNgI5CDBRbVI1WWMOYFE5	BUTON
442	439	-4.4366484	119.6984214	AiIDZA0xAXBTIQFsWWMKOwVxVGAFagRvAGICL1c0XGNTMQY9DDQAPABnAzkMYgZu	BUTON UTARA
443	439	-4.663016	120.0971984	UXEDZFpmAXBSIFQ5DjQAMgZyADQBblc8AWMBLARnDDNQMg02CjIEOFUyU2kIZlY%2B	KOLAKA
444	439	-8.1627404	122.9647762	V3cAZwA8UyJbKQNuADpRYgF1U2dVOgdsAGJSf1MwXmEHZQA7CjJSblYxUGpZNwdv	KOLAKA TIMUR
445	439	-4.3198106	119.8995208	UnJZPgA8VSRTIVQ5CTMAPA15UWVWOQ5lAmAMIVMwXWJVN1BrWWFTbwViUWsOYABo	KOLAKA UTARA
446	439	-3.9963307	122.3632331	VXUDZF1hUCEFdwNuW2EGOwN3UGRRPlM4UDJVeFQ3CTYFZwc8XWUPM1I1UGpcMgdv	KONAWE
447	439			BSUAZ1pmVidRIwVoXmMLOVcjVmJWOQ9kUjBSf1IxCTZVN1JpCjIFOQJlV20NY1U9	KONAWE KEPULAUAN
448	439	-3.7939693	119.9943923	VXVRNgk1XC1bKVY7XWAFMQN3ADQDbAVuVzVSfwFiAT4HZVFqDjZWalcwVmwPYQNr	KONAWE SELATAN
449	439	-3.6738959	119.6112417	ACADZAk1VSQBcwNuAD0KPwN3VGAHaFA7BGYDLlAzCzRWNAQ%2FWmICPgptWWNdM101	KONAWE UTARA
450	439	-3.5424306	119.8910713	AyNVMgk1AXBaKANuCTQENVcjBTECbVQ%2FAmABLARnDDNQMgA7ATlWalYxV21bNV01	KOTA BAU-BAU
451	439	-4.0801409	122.4857117	BCRZPgo2VidUJlc6WWRUZAB0AjZRPlM4BWdXelU2WmVWNFdsATkFOQViBD4OYFQ8	KOTA KENDARI
452	439	-3.0071227	119.7335357	AiIFYgs3VCUFd1Y7XWBRZ1ElBzMFalM4UTMCLwNgCjVTMVVuW2MOMgdgUGpbNVI6	MUNA
453	439	-2.3500698	120.1309089	BydUMwg0VCUCcFE8DzJTZARwBjJQP1Q%2FUDJXegdkDjECYFFqWmJRbVUyVW9ZNwNr	WAKATOBI
454	0				SULAWESI UTARA
455	454			UXFUM15iVSRTIQVpWmtRZFElAjZVOgRvAmAGK1MwAT5UNgA7DzcBPVYxAjgPYVc%2F	BOLAANGMONGONDOW
456	454			BycHYAwwBndXJQBsXG0BNw15AzcEawRvAWMALVAzCzRTMVJpWWEOMgBnBT9ZNwFp	BOLAANGMONGONDOW SELATAN
457	454			ACAEYwo2A3IAclM%2FXWwHMFElU2cEa1c8VTdQfVo5WWYFZww3DzcCPgdgAzkLZVE5	BOLAANGMONGONDOW TIMUR
458	454			UXFZPlllXSxVJ1Y6CDlTYwx4BDBVOg9kBWcEKQZlXmFVNwM4ATkCPlI1BT8IZlw0	BOLAANGMONGONDOW UTARA
459	454	3.0	125.5	BiZYP15iBHVRIwNvXG0CPwF1AjYCbQ5lAGIFKAdkCjUBYwI5XWVWagptBz0KZAZu	KEPULAUAN SANGIHE
460	454			CytXMA0xUyIGdANvXGwGM1MnAjZRPgBrUTMCLwRnXWICYFBrXmYPM1UyWWNbNQNr	KEPULAUAN SIAU TAGULANDANG BIARO
461	454	4.26934415	126.810962469924	UHBTNFtnXSxRIwNvCztXY1MnBTFXOA9kVjQHKls4DjFXNQQ%2FXWUGOlcwBz0NY1Y%2B	KEPULAUAN TALAUD
462	454	1.45528	125.2554532	BiZZPgE9XSxUJgRoDj5QYAVxAzcFalI5UjBXegdkCDdQMgM4W2NRbVA3Bz1bNVc%2F	KOTA BITUNG
463	454	-4.9641592	122.5380015	VXVVMgk1VCUFd1Y6WmoCNVYiVGADbABrBWcBLFIxW2RWNAQ%2FDjZUaAViBT9bNVc%2F	KOTA KOTAMOBAGU
464	454	1.3094931	124.8273339	BSVSNQg0VSRaKApmW2sKPFMnVGANYgJpDG4CL1s4DTIBY1ZtDTVRbQptWGJdM1Y%2B	KOTA MANADO
465	454	1.3094931	124.8273339	VXVTNA8zVSRRI1c7WmoAMQF1BDANYgdsAWMBLARnDjFUNgA7XGQOMlE2Bz0NY1w0	KOTA TOMOHON
466	454	-4.2444766	122.3968387	BiYEYwwwUCFbKQNvDz5XZgJ2AjYAb1I5AmAMIVAzDDNUNlZtCTEAPFA3UWsJZ1A4	MINAHASA
467	454	1.2028973	124.6248196	BSVUM11hVCVbKVE9WmsDMQdzATUDbFQ%2FB2UMIQNgWWZXNQw3CjIHO1E2VmwOYFI6	MINAHASA SELATAN
468	454	-5.3171501	123.581893	AiIDZA0xAHEBcwpmXWwENwF1AjYEa1M4DW8MIVs4AD9TMVJpW2MPMwNkUWsIZgRs	MINAHASA TENGGARA
469	454	1.4013486	124.9580491	UnJUMwo2UiNXJQdrATADP1AkAjYHaAVuBGZXelQ3DTIFZwA7CTEDP1YxAjgIZlI6	MINAHASA UTARA
470	0				SUMATERA BARAT
471	470	-0.2634005	100.17201627525	ACBUM1pmVidTIQprCTYKNlYiUWVRPg9kVTcFKFY1CDdXNVVuXGQGOgRjBz0LZVE5	AGAM
472	470	-1.05853885	101.644025511636	VnZTNAwwUCFWJFc2W2QDPgF1AzcNYlU%2BUTMEKVAzXWIFZwE6WWFSblI1WWMPYQBo	DHARMASRAYA
473	470	-1.989171	99.519017	BydXMAwwUyIHdVEwDzFTZgdzVmINYgBrVjRWe1s4XGNbOVZtWWFVaQZhUWsPYVw0	KEPULAUAN MENTAWAI
474	470	0.6794328	122.3485637	UHAEYwg0BHVbKQdmWWgDNVQgUGQCbQBrAGJQfVU2CzQAYgI5DTUFOVA3AjgBb1Y%2B	KOTA BUKITTINGGI
475	470	-4.147092	103.540674973705	VXUFYgo2VicBc1MyDTxUYAF1AjYEawdsVTcDLlIxDDNUNgA7CzMOMgdgBT9cMgZu	KOTA PADANG
476	470	-0.456693	100.4234088	UnJZPg4yAXBbKVY3CDkCN1MnVGAEa1c8DW8DLlAzXmEGZFVuXGQFOQBnV20KZAFp	KOTA PADANGPANJANG
477	470	0.5183251	123.3026305	ACADZA4yUyJRIwtqXG0GMQB0ADQEawFqVzVWe1Q3AT5XNQY9DjYCPgJlVG4OYAZu	KOTA PARIAMAN
478	470	0.88833	122.6254267	BCRXMAwwUyJWJAtqWmsCMg15BzMCbVU%2BUDIGKwBjDTIHZVFqDzdSbgptUmgAblw0	KOTA PAYAKUMBUH
479	470	-0.6605411	100.7877771	AiJSNQwwVSQGdAtqCjtTYg15ATUMY1U%2BVzVRfFs4WWZXNQI5XGRSblcwWWMOYARs	KOTA SAWAHLUNTO
480	470	-2.9941976	118.9492278	BydSNVllXC0GdAZnADFRYwJ2UWVRPlA7UjBXegdkCDdQMgE6ATlUaFE2AjgPYVA4	KOTA SOLOK
481	470			AiJZPltnA3IHdQNiCzVRZQZyVmIDbFc8UjBQfVEyXGNUNgE6DDRVaQViAzkAblw0	LIMAPULUHKOTO
482	470			V3dWMVxgUSBXJQRlWWcFM1YiCj5VOgdsBGYHKgBjAD9QMlVuADgCPgViVW8JZwZu	PADANGPARIAMAN
483	470	0.38757735	100.191871828233	ASFWMQg0VCVSIFAxXGJXYAN3ADQEa1c8B2UBLARnAD8FZ1dsXGRWagdgWWNaNFU9	PASAMAN
484	470	0.1855582	99.6925633723797	CipXMAg0VCVWJAVkDTNRYQ15AzdSPVM4B2UHKlU2XWIAYlZtCDAGOgtsADoPYVI6	PASAMAN BARAT
485	470	-7.5841133	131.4130841	CipYP11hBHUGdABhXWMENQZyBTEHaFA7DG4CLwBjDzAFZ1BrDjZVaQViUmgOYAdv	PESISIR SELATAN
486	470	-5.6172416	133.0197124	BiZWMQ0xAXBXJQBhXGIDMVAkAjZSPQRvAGJSfwZlAD8GZA02W2MAPFUyBz1ZN1c%2F	SAWAHLUNTO SIJUNJUNG
487	470	-3.1365448	129.3290472	VXVQNwwwVyZQIgtqCzUDMFcjCz8MYwZtVjQBLABjDjEGZAI5XmYPMwdgADoJZ101	SOLOK
488	470	-1.2283969	101.3642602	AiJYPw0xAHFRIwRlWmQDP1ElAzcEa1A7VzUEKVQ3AT4CYAU%2BDDQHO1YxUmgKZFI6	SOLOK SELATAN
489	470			ACAFYgk1VSQGdAZnDzEEOQZyADRWOQRvA2FVeFMwCTYBYww3WmIAPFYxUGpcMlc%2F	TANAHDATAR
490	0				SUMATERA SELATAN
491	490	-7.6706	110.0861985	V3dTNFtnBHUAclc1XmYFMVAkU2cHaFI5VzVQfVMwDTJUNgU%2BADhTbwNkWWNbNVA4	BANYUASIN
492	490	-3.297254	130.3465513	V3dVMgs3UyJVJwBiCDBQZgJ2Cj4Ea1I5DG5VeFs4DDNSMAE6CDADPwBnV20PYVQ8	EMPAT LAWANG
493	490			VnZZPlpmA3JRIwJgWmEGMQZyVmIAbw9kAmAALVMwAD9SMA02ADgCPgNkWGIJZ1U9	KOTA LUBUKLINGGAU
494	490	-4.04053865	103.198350998251	AyNTNAo2BHVTIQdlW2BUZARwUWVVOgFqDW9We1Y1DDMHZQI5WmJTbwtsU2kBb1Q8	KOTA PAGARALAM
495	490	1.3168227	127.6006789	V3dXMAg0BHVQIlY0WmEANlAkCj5VOgZtVjQMIVEyCDcFZwU%2BDjYOMlA3Bz0OYFI6	KOTA PALEMBANG
496	490	0.4638869	128.3262692	UnJSNVxgUiNUJlEzWWIAMQ15BTEMY1Q%2FUDJWe1AzDzBVN1VuCzMDPwdgUGpaNAdv	KOTA PRABUMULIH
497	490	-1.7942583	124.8337914	AyNUM15iVCVQIgtpDTVTZlYiBjINYgJpDW8ALQBjAD9bOQM4XGRUaANkBT8OYFU9	LAHAT
498	490			CipUMwo2UCFXJQVnDDRTZAVxU2dRPgZtDG4CLwdkCjUGZAE6W2NTbwdgVmwIZlA4	MUARAENIM
499	490			BSUEY15iUiNbKQFjWWFQYAJ2VmJWOVM4BWdQfVc0W2RUNgM4ADhRbQptWWNZN1M7	MUSIBANYUASIN
500	490			ASECZVllXC0GdApoW2NTYgF1BDAEa1M4AmACLwdkCTZSMA02DDQEOAptAzkBb1c%2F	MUSIRAWAS
501	490	2.3227744	128.4487611	BiZWMQA8UyJUJgdlW2MAMg15ADQAbwFqB2VSf1AzDzBRM1VuDjYEOFI1VG5eMAZu	OGAN ILIR
502	490	0.8077866	127.3389996	CytUM1pmAHEAclEzCTFXZAx4VGAHaFc8UTMHKlIxDTJRMww3ADhUaARjBz0IZgNr	OGAN KOMERING ILIR
503	490	-4.10045725	104.009346589801	UHBQN15iA3JWJFY0ATkKNlcjU2dXOFQ%2FVzUGKwdkAT5VN1BrATlWalI1BT8IZlQ8	OGAN KOMERING ULU
504	490	-4.5651555	103.982194962591	CytXMAo2UCFbKQZkXWUDPgx4UWUDbAZtVzVSf1Y1AT4HZVZtWWECPgptWGJaNF01	OGAN KOMERING ULU SELATAN
505	490	-4.08266415	104.574693842274	AiJWMQk1XC0GdFY0XGdQZFMnVmIFagNoBWcHKgdkCjVRM1FqXGRVaQZhBz0JZ1M7	OGAN KOMERING ULU TIMUR
506	490			UXEEYws3USAFdwtpXGcCN1cjAzdRPgVuDG4ALQNgDjEFZwM4WmJTbwZhWWMKZFc%2F	PENUKAL ABAB LEMATANG ILIR
507	0				SUMATERA UTARA
508	507	-3.0286392	134.3411458	CioEY15iBHVSIFMyADoGNwVxBTENYgRvDW8MIVY1AD9UNgQ%2FXGQCPgJlU2kPYQNr	ASAHAN
509	507	-2.9119286	116.173349855665	AiJWMQ0xA3IBcwVkXGYENgx4ADQNYg5lUTMDLgFiCzQGZAQ%2FWmJSbgRjWWMAbgBo	BATUBARA
510	507	-6.2593503	106.86980175	AyNYP1llUiNSIABhCzEFNlcjBzNXOARvVzUBLAdkCDcAYgU%2BCjIFOQFmBz0AbgBo	DAIRI
511	507			VXVYPw0xA3JXJVQ1CTNTbwRwBzMFagJpUTMDLlAzDjEAYlFqCTEGOlYxUmgKZFQ8	DELISERDANG
512	507	-0.3708606	130.7729879	CysFYgE9UyIFdwVkCTMHOlMnCj4Ab1U%2BAWMNIAdkXmFWNAc8DjZTb1UyV20NY1Y%2B	HUMBANG HASUNDUTAN
513	507	2.9553195	99.0637149	AyMHYAwwB3ZTIQprCTRWYgJ2VmJXOAJpUjABLFQ3AD8FZ1FqXWUDPwBnAzlcMlc%2F	KARO
514	507	-7.6682638	139.8984617	V3dTNFxgAXBSIARlCTZQZVcjV2MHaFQ%2FAmAGK1c0DjFUNgQ%2FDjZWagptVW8BbwBo	KOTA BINJAI
515	507			ACBQNw0xUSBVJwtqCTYHNAJ2BDBQPw5lDW9We1EyCTYBYwY9WWEDP1cwU2kOYFc%2F	KOTA GUNUNG SITOLI
516	507	-3.0904434	140.0221289	BiYEYwk1AXBRI1Q1DTIHM1AkBTENYgBrUjAFKARnXGMAYlJpXWUPMwJlV20OYFE5	KOTA MEDAN
517	507	0.9638604	99.3593153	ACAFYgA8UiNXJVQ1XmFTZQRwUGRRPgJpVzUALVIxWWZTMVJpXmYAPAJlV20IZlE5	KOTA PADANGSIDEMPUAN
518	507	3.0657251	99.0173156	BSUHYFllVSRXJQRlXGNTZAB0AjYDbFc8AmAGK1IxDzAHZVBrXWVVaVI1U2kKZFw0	KOTA PEMATANGSIANTAR
519	507	-1.0133526	136.0472302	BCRWMVxgAXBbKQRlDjELO1cjBzMGaVM4B2UFKANgXWJSMFFqDjYGOgtsWWNeMABo	KOTA SIBOLGA
520	507	2.9500106	99.7784428	BydZPgs3VidXJQprDDMHNgZyADQEa1Q%2FBWcALVo5AT5RMwA7ATlSbgJlAjgPYVc%2F	KOTA TANJUNGBALAI
521	507			VnZQNws3VCVQIgJjDjEENgB0BzMMY1M4DW9QfVAzCjVUNlJpCzMPM1UyUWsNYwFp	KOTA TEBINGTINGGI
522	507			ASEHYAo2XC0GdAdmWWQDNlQgCj4DbA9kAmBXelU2DTJQMgQ%2FCjIGOgRjUWsNY1A4	LABUHANBATU
523	507			AyNVMgs3UyJQIgdmWmcHMVElUWVXOFA7B2UFKFAzDzAHZQY9CjIPMwNkV21dM1I6	LABUHANBATU SELATAN
524	507			BCRYP15iVCVXJQZnDTBRZlElAjYCbQBrBmQMIVc0DTJWNFJpDTUOMgBnV20JZ1Y%2B	LABUHANBATU UTARA
525	507	-6.4204612	139.2302197	UnIDZFtnB3ZTIQtqDDEFNQZyBDADbFU%2BBWcCL1c0XmFaOAQ%2FW2MOMgdgWWMBb1w0	LANGKAT
526	507	-5.1685752	138.5424314	ASFYPwE9XC1QIlc2CTQAMQJ2BDACbVA7VTcMIVs4W2QGZAI5CTFUaFcwBD5dM1E5	MANDAILING NATAL
527	507	-4.4858807	139.3971815	BCRXMA8zAHFXJVY3AD0KOAF1ATVSPQBrVjQNIFU2XGMAYgQ%2FATkBPQFmV21ZN1Q8	NIAS
528	507	-6.3309234	106.9541895	CipTNAk1XC1XJQBhDzJQY1AkAjYAbwdsBmQBLAZlCzRXNQM4DTUFOQtsBz0JZ1c%2F	NIAS BARAT
529	507	-4.5055375	140.4664151	ASEEY15iUCFQIgFgCDUHOwB0BTEEawZtAmBSfwZlDDNSMFJpDjYGOgRjUmhZNwRs	NIAS SELATAN
530	507	1.1215	97.6181	UnIDZA8zVyZTIQprDDEHOgdzVmIDbARvUjBRfAZlCjUCYAE6CTEEOARjUWsLZVQ8	NIAS UTARA
531	507	-3.4970491	138.7278199	BSUDZFtnUSAFdwJjXGBXawN3U2cAbwZtAWNWewRnAT4AYlFqXGQDP1A3V21dMwZu	PADANG LAWAS
532	507	-2.6834604	139.0807588	V3cAZw8zUCEGdABhADwGOwB0BjIEaw9kAGIEKQFiWmVTMVZtCzMHO1E2WWNcMl01	PADANG LAWAS UTARA
533	507			BSVQNw4yXSwBcwZnW2cDNwZyBjJSPQZtUTMFKARnCTZXNQM4CDABPQNkAzldM1A4	PAKPAKBHARAT
534	507	-6.3313534	106.9546345	UXFTNFtnUSAHdVY3WmZTZgZyV2NXOFI5DG5RfFEyAT4AYg02ADhUaAFmBz0MYgNr	SAMOSIR
535	507			AyMHYA0xVidTIQdmW2dUY1AkVmIGaVM4UDIFKFMwDDNSMFFqDTVVaVI1BD4LZVM7	SERDANG BEDAGAI
536	507	2.9628665	99.0658401	UXFSNQA8VyZbKVY3DTFQYFYiV2NSPQVuA2EFKABjAT5QMlVuCzMBPVA3WWMAblQ8	SIMALUNGUN
537	507	-2.6837869	136.7444364	UXFUMwE9BndaKANiCjYFNAJ2Cj4GaVQ%2FDW8DLlAzAT4BY1FqCzNWalE2WGJaNAdv	TAPANULI SELATAN
538	507	-0.7749512	135.5986738	ASFSNVtnBHUHdVMyCTUBMw15BDAAb1Q%2FUTNQfQNgDjFSMAU%2BW2MHO1cwBT8IZgdv	TAPANULI TENGAH
539	507	-2.255941	137.9142846	ASFTNFtnB3ZXJQFgCjZUZwJ2BzMFagVuUjACLwRnCTYBY1JpDTUGOlA3Bz0LZVE5	TAPANULI UTARA
540	507			CioCZVtnAXBVJwprXWEDNVQgVmJSPVU%2BB2UALVY1WmUFZwE6CzNWagRjAjgLZVI6	TOBASAMOSIR
541	0				YOGYAKARTA
542	541	-7.89825435	110.385553358986	UnIFYgs3AHFVJwRnCDZRbAVxVGABbgRvDG5RfFEyXGNbOVBrWWFSbgJlAjgMYlQ8	BANTUL
543	541	-7.9930377	110.557930904046	ACBUMw0xVSRQIgNgWmtWYlQgBzMGaQRvUjACL1U2WWZRMwQ%2FDzcDP1UyUGoPYVY%2B	GUNUNGKIDUL
544	541	-7.80331735	110.374350499023	UXFRNg0xB3ZTIQZlW2pWYVElADRSPQNoAmAFKAdkCzRXNVJpDjZSblE2Bz0IZlY%2B	KOTA YOGYAKARTA
545	541			ACBRNg4yAHFXJQZlDTxRZFQgU2cFalM4DG5RfFMwDzBUNgI5XmYPMwNkVW9bNVA4	KULONPROGO
546	541	-7.6894175	110.381290426931	BCRTNF5iAHFRI1Y1Xm9TZQJ2VmIFag9kUDICLwBjXWJTMQw3ADgGOlE2UWsKZAZu	SLEMAN
